<?xml version="1.0" encoding="utf-8" standalone="yes" ?>
<rss version="2.0" xmlns:atom="http://www.w3.org/2005/Atom">
  <channel>
    <title>mirovine on CroEcon</title>
    <link>http://croecon.contentio.biz/tags/mirovine/</link>
    <description>Recent content in mirovine on CroEcon</description>
    <generator>Hugo -- gohugo.io</generator>
    <managingEditor>mislav.sagovac@contentio.biz (Mislav Sagovac)</managingEditor>
    <webMaster>mislav.sagovac@contentio.biz (Mislav Sagovac)</webMaster>
    <lastBuildDate>Thu, 09 May 2019 00:00:00 +0000</lastBuildDate>
    
	<atom:link href="http://croecon.contentio.biz/tags/mirovine/index.xml" rel="self" type="application/rss+xml" />
    
    
    <item>
      <title>Razlozi za podržavanje sindikalne incijative</title>
      <link>http://croecon.contentio.biz/post/razlozi-za-podr-avanje-sindikalne-incijative/</link>
      <pubDate>Thu, 09 May 2019 00:00:00 +0000</pubDate>
      <author>mislav.sagovac@contentio.biz (Mislav Sagovac)</author>
      <guid>http://croecon.contentio.biz/post/razlozi-za-podr-avanje-sindikalne-incijative/</guid>
      <description>Sindikalna inicijativa “67 je previše” počela je nedavno prikupljati potpise za raspisivanje referenduma o izmjenama Zakona o mirovinskom osiguranju. Inicijativa kao glavni cilj želi spriječiti dizanje dobne granice za odlazak u punu mirovinu na 67 godina. U referendumsku inicijativu su uključene tri sindikalne središnjice, a osim smanjenja granice za odlazak u starosnu imovinu se traži uvođenje mogućnosti stjecanja prava na prijevremenu mirovinu sa 60 godina i da se penalizacija zbog prijevremene mirovine smanji s 0,3 na 0,2 posto.</description>
    </item>
    
  </channel>
</rss>