<?xml version="1.0" encoding="utf-8" standalone="yes" ?>
<rss version="2.0" xmlns:atom="http://www.w3.org/2005/Atom">
  <channel>
    <title>Porezi on CroEcon</title>
    <link>http://croecon.contentio.biz/categories/porezi/</link>
    <description>Recent content in Porezi on CroEcon</description>
    <generator>Hugo -- gohugo.io</generator>
    <managingEditor>mislav.sagovac@contentio.biz (Mislav Sagovac)</managingEditor>
    <webMaster>mislav.sagovac@contentio.biz (Mislav Sagovac)</webMaster>
    <lastBuildDate>Sun, 28 Jul 2019 00:00:00 +0000</lastBuildDate>
    
	<atom:link href="http://croecon.contentio.biz/categories/porezi/index.xml" rel="self" type="application/rss+xml" />
    
    
    <item>
      <title>Zašto je smanjenje stope PDV-a na usluge restorana loša porezna mjera?</title>
      <link>http://croecon.contentio.biz/post/za-to-je-smanjenje-stope-pdv-a-na-usluge-restorana-lo-a-porezna-mjera/</link>
      <pubDate>Sun, 28 Jul 2019 00:00:00 +0000</pubDate>
      <author>mislav.sagovac@contentio.biz (Mislav Sagovac)</author>
      <guid>http://croecon.contentio.biz/post/za-to-je-smanjenje-stope-pdv-a-na-usluge-restorana-lo-a-porezna-mjera/</guid>
      <description>Vlada je najavila novi paket „poreznih reformi“. Jedna od značajnijih izmjena je uvođenje snižene stope PDV-a na „pripremu i dostavu hrane u ugostiteljskim objektima“ s 25% na 13%. Prema pisanju medija, ministar Marić je bio protiv ove mjere, ali je ona ipak donesena zbog snažnog lobija ministarstva turizma i ugostiteljskog ceha.
Prije razmatranja ove mjere valja podsjetiti na osnovne karakteristike sustava PDV-a u EU. Sve zemlje EU imaju osnovnu stopu PDV-a, koja, prema direktivama EU, ne bi trebala biti niža o d 15%.</description>
    </item>
    
  </channel>
</rss>