<?xml version="1.0" encoding="utf-8" standalone="yes" ?>
<rss version="2.0" xmlns:atom="http://www.w3.org/2005/Atom">
  <channel>
    <title>Digitalna ekonomija on CroEcon</title>
    <link>http://croecon.contentio.biz/tags/digitalna-ekonomija/</link>
    <description>Recent content in Digitalna ekonomija on CroEcon</description>
    <generator>Hugo -- gohugo.io</generator>
    <managingEditor>mislav.sagovac@contentio.biz (Mislav Sagovac)</managingEditor>
    <webMaster>mislav.sagovac@contentio.biz (Mislav Sagovac)</webMaster>
    <lastBuildDate>Thu, 02 Apr 2020 00:00:00 +0000</lastBuildDate>
    
	<atom:link href="http://croecon.contentio.biz/tags/digitalna-ekonomija/index.xml" rel="self" type="application/rss+xml" />
    
    
    <item>
      <title>Ekonomski aspekti COVID-19 na domaću ekonomiju</title>
      <link>http://croecon.contentio.biz/post/ekonomski-aspekti-covid-19-na-doma-u-ekonomiju/</link>
      <pubDate>Thu, 02 Apr 2020 00:00:00 +0000</pubDate>
      <author>mislav.sagovac@contentio.biz (Mislav Sagovac)</author>
      <guid>http://croecon.contentio.biz/post/ekonomski-aspekti-covid-19-na-doma-u-ekonomiju/</guid>
      <description>Od zadnjeg objavljenog posta do danas se svijet u kojem živimo jako promijenio uslijed pandemije SARS-Cov-2 virusa (COVID-19 bolest) koji je zaustavio, ionako oslabljenu globalizaciju i započeo okretanje prema lokalnoj, Polany-evskoj ekonomiji. Usprkos takvom obratu, u javnosti se pojavljuje teza da i u ovakvoj situaciji mehanizam prilagodbe treba prepustiti tržištu, to jest pustiti da pogođene tvrtke propadnu, a prežive one koje će imati dovoljno „zaliha“ za financiranje tekućih gubitaka. Međutim, samim zatvaranjem firmi i uvođenjem karantene prestali su funkcionirati tržišni mehanizmi.</description>
    </item>
    
    <item>
      <title>Digitalna ekonomija  u Hrvatskoj</title>
      <link>http://croecon.contentio.biz/post/digitalna-ekonomija-u-hrvatskoj/</link>
      <pubDate>Mon, 03 Dec 2018 00:00:00 +0000</pubDate>
      <author>mislav.sagovac@contentio.biz (Mislav Sagovac)</author>
      <guid>http://croecon.contentio.biz/post/digitalna-ekonomija-u-hrvatskoj/</guid>
      <description>Digitalne tehnologije omogućavaju smanjenje troškova pohrane, obrade i prijenosa podataka i zbog toga imaju snažan transformacijski utjecaj na mikro- i makro- ekonomske trendove i strukturu. Obzirom da strukturu troškova u digitalnoj ekonomiji karakterizira pad čitavog niza standardnih troškova sa kojima se suočavaju tradicionalni sektori, poslovne inicijative za poduzeća iz digitalne ekonomije naglašeno idu u smjeru razvoja tehnologije u širem smislu kao krajnjeg proizvoda. Takva tehnološka intenzivnost bi se očekivano trebala odraziti u povećanju ukupnih tehnoloških kapaciteta i produktivnosti gospodarstva.</description>
    </item>
    
  </channel>
</rss>