<?xml version="1.0" encoding="utf-8" standalone="yes" ?>
<rss version="2.0" xmlns:atom="http://www.w3.org/2005/Atom">
  <channel>
    <title>izbori on CroEcon</title>
    <link>http://croecon.contentio.biz/tags/izbori/</link>
    <description>Recent content in izbori on CroEcon</description>
    <generator>Hugo -- gohugo.io</generator>
    <managingEditor>mislav.sagovac@contentio.biz (Mislav Sagovac)</managingEditor>
    <webMaster>mislav.sagovac@contentio.biz (Mislav Sagovac)</webMaster>
    <lastBuildDate>Wed, 25 Sep 2019 00:00:00 +0000</lastBuildDate>
    
	<atom:link href="http://croecon.contentio.biz/tags/izbori/index.xml" rel="self" type="application/rss+xml" />
    
    
    <item>
      <title>Analiza zastupljenosti predsjedničkih kandidata na domaćim portalima</title>
      <link>http://croecon.contentio.biz/post/analiza-zatupljenosti-o-predsjedni-kih-kandidatima-na-doma-im-portalima/</link>
      <pubDate>Wed, 25 Sep 2019 00:00:00 +0000</pubDate>
      <author>mislav.sagovac@contentio.biz (Mislav Sagovac)</author>
      <guid>http://croecon.contentio.biz/post/analiza-zatupljenosti-o-predsjedni-kih-kandidatima-na-doma-im-portalima/</guid>
      <description>Nakon ljetnog zatišja, kampanja za predsjedničke izbore od kraja kolovoza opet dobiva momentum. To je vidljivo na donjem grafikonu koji prikazuje tjedno kretanje broja članaka u kojima se spominju predsjednički kandidati na svim važnijim domaćim internetskim portalima. Broj kandidata je još uvijek neslužben i kreće se negdje oko 10ak, a čini se da najveći dio kandidata koristi platformu predsjedničke kampanje za osobnu (političku) promidžbu i nema ozbiljne namjere niti šanse za pobjedu.</description>
    </item>
    
    <item>
      <title>Analiza vijesti o predsjedničkim kandidatima</title>
      <link>http://croecon.contentio.biz/post/analiza-vijesti-o-predsjedni-kim-kandidatima/</link>
      <pubDate>Tue, 30 Jul 2019 00:00:00 +0000</pubDate>
      <author>mislav.sagovac@contentio.biz (Mislav Sagovac)</author>
      <guid>http://croecon.contentio.biz/post/analiza-vijesti-o-predsjedni-kim-kandidatima/</guid>
      <description>Pred kraj 2019. godine će se u Hrvatskoj održati sedmi predsjednički izbori, a neslužbena izborna kampanja već je započela. Iako se još ne zna tko točno sudjeluje u predsjedničkoj utrci, Ante Simonić, Dalija Orešković, Vlaho Orepić, Tomislav Panenić, Katarina Peović, Mislav Kolakušić, Miroslav Škoro, Ivan Pernar i Zoran Milanović se spominju u medijima kao kandidati. Pošto su svi Hrvatski predsjednici do sada, osim Ive Josipovića, zadržali predsjedničku poziciju u trajanju od dva mandata, za očekivati je da će se i aktualna predsjednica, uz statističku prednost, također uključiti u utrku.</description>
    </item>
    
  </channel>
</rss>