<?xml version="1.0" encoding="utf-8" standalone="yes" ?>
<rss version="2.0" xmlns:atom="http://www.w3.org/2005/Atom">
  <channel>
    <title>globalizacija on CroEcon</title>
    <link>http://croecon.contentio.biz/tags/globalizacija/</link>
    <description>Recent content in globalizacija on CroEcon</description>
    <generator>Hugo -- gohugo.io</generator>
    <managingEditor>mislav.sagovac@contentio.biz (Mislav Sagovac)</managingEditor>
    <webMaster>mislav.sagovac@contentio.biz (Mislav Sagovac)</webMaster>
    <lastBuildDate>Thu, 18 Jun 2020 00:00:00 +0000</lastBuildDate>
    
	<atom:link href="http://croecon.contentio.biz/tags/globalizacija/index.xml" rel="self" type="application/rss+xml" />
    
    
    <item>
      <title>Geografija usluznog sektora</title>
      <link>http://croecon.contentio.biz/post/geografija-usluznog-sektora/</link>
      <pubDate>Thu, 18 Jun 2020 00:00:00 +0000</pubDate>
      <author>mislav.sagovac@contentio.biz (Mislav Sagovac)</author>
      <guid>http://croecon.contentio.biz/post/geografija-usluznog-sektora/</guid>
      <description>Društvo uslugaO porastu važnosti uslužnog sektora u svijetu i Hrvatskoj je već bilo govora na ovom blogu. Uglavnom sam promatrao trendove i razloge koji stoje iza rasta uslužnih djelatnosti ili trendove unutar uslužnog sektora. Podatci za Hrvatsku pokazuju trend rasta važnosti uslužnih djelatnosti prema relativnim udjelima EU i OECD zemalja u zadnjih 15ak godina i nastavak dugoročnog deindustrijalizacijskog trenda u započetog 1970-ih godina. Analiza mi također pokazuje da je glavni razlog povećanja važnosti uslužnih djelatnosti u Hrvatskoj uglavnom opći porast dohotka/potrošnje, a postoje i naznake da domaći sektor digitalne ekonomije ima važnu ulogu u povećanju općeg tehnološkog kapaciteta i napretka.</description>
    </item>
    
    <item>
      <title>Globalizacija je dobra za sve, ali loša za neke</title>
      <link>http://croecon.contentio.biz/post/globalizacija-je-dobra-za-sve-ali-lo-a-za-neke/</link>
      <pubDate>Mon, 04 Nov 2019 00:00:00 +0000</pubDate>
      <author>mislav.sagovac@contentio.biz (Mislav Sagovac)</author>
      <guid>http://croecon.contentio.biz/post/globalizacija-je-dobra-za-sve-ali-lo-a-za-neke/</guid>
      <description>Povodom nadolazećeg blagdana Svih svetih, prekjučer je na Dnevniku HRT-a prikazan prilog o proizvođačima cvijeća. Novinarka je intervjuirala nekoliko vlasnika OPG-a, koji su prezentirali svoj asortiman cvijeća i govorili o dobrim i lošim stranama svog posla. Najveću prepreku sadašnjem, a posebno budućem poslovanju, vide u povećanom uvozu cvijeća. U prilogu je istaknuto da je uvoz cvijeća ove godine porastao za 5%, a najveći rast uvoza odnosi se na uvoz cvijeća iz Nizozemske.</description>
    </item>
    
  </channel>
</rss>