<?xml version="1.0" encoding="utf-8" standalone="yes" ?>
<rss version="2.0" xmlns:atom="http://www.w3.org/2005/Atom">
  <channel>
    <title>plaće on CroEcon</title>
    <link>http://croecon.contentio.biz/tags/pla%C4%87e/</link>
    <description>Recent content in plaće on CroEcon</description>
    <generator>Hugo -- gohugo.io</generator>
    <managingEditor>mislav.sagovac@contentio.biz (Mislav Sagovac)</managingEditor>
    <webMaster>mislav.sagovac@contentio.biz (Mislav Sagovac)</webMaster>
    <lastBuildDate>Mon, 07 Jan 2019 00:00:00 +0000</lastBuildDate>
    
	<atom:link href="http://croecon.contentio.biz/tags/pla%C4%87e/index.xml" rel="self" type="application/rss+xml" />
    
    
    <item>
      <title>Najveće plaće u RH po djelatnostima</title>
      <link>http://croecon.contentio.biz/post/najve-e-pla-e-u-rh/</link>
      <pubDate>Mon, 07 Jan 2019 00:00:00 +0000</pubDate>
      <author>mislav.sagovac@contentio.biz (Mislav Sagovac)</author>
      <guid>http://croecon.contentio.biz/post/najve-e-pla-e-u-rh/</guid>
      <description>U ovom osvrtu ćemo pogledati koje djelatnosti i sektori u Hrvatskoj isplaćuju najveće plaće. Tradicionalno djelatnosti Informacija i komunikacija (J), Opskrbe energijom(D), Rudarstva i vađenja (B), Financije (K) i Javna uprava (O) isplaćuju najviše prosječne place. Teško je izdvojiti “najbolju” djelatnost jer se plaće kreću ciklički i ovise o nizu različitih faktora, kako globalnim i europskim kretanjima u gospodarstvu i tehnologiji,tako i o domaćem tržištu rada, migracijskim trendovima i političkim prilikama.</description>
    </item>
    
  </channel>
</rss>