<?xml version="1.0" encoding="utf-8" standalone="yes" ?>
<rss version="2.0" xmlns:atom="http://www.w3.org/2005/Atom">
  <channel>
    <title>CroEcon</title>
    <link>http://croecon.contentio.biz/</link>
    <description>Recent content on CroEcon</description>
    <generator>Hugo -- gohugo.io</generator>
    <managingEditor>mislav.sagovac@contentio.biz (Mislav Sagovac)</managingEditor>
    <webMaster>mislav.sagovac@contentio.biz (Mislav Sagovac)</webMaster>
    <lastBuildDate>Thu, 18 Jun 2020 00:00:00 +0000</lastBuildDate>
    
	<atom:link href="http://croecon.contentio.biz/index.xml" rel="self" type="application/rss+xml" />
    
    
    <item>
      <title>Geografija usluznog sektora</title>
      <link>http://croecon.contentio.biz/post/geografija-usluznog-sektora/</link>
      <pubDate>Thu, 18 Jun 2020 00:00:00 +0000</pubDate>
      <author>mislav.sagovac@contentio.biz (Mislav Sagovac)</author>
      <guid>http://croecon.contentio.biz/post/geografija-usluznog-sektora/</guid>
      <description>Društvo uslugaO porastu važnosti uslužnog sektora u svijetu i Hrvatskoj je već bilo govora na ovom blogu. Uglavnom sam promatrao trendove i razloge koji stoje iza rasta uslužnih djelatnosti ili trendove unutar uslužnog sektora. Podatci za Hrvatsku pokazuju trend rasta važnosti uslužnih djelatnosti prema relativnim udjelima EU i OECD zemalja u zadnjih 15ak godina i nastavak dugoročnog deindustrijalizacijskog trenda u započetog 1970-ih godina. Analiza mi također pokazuje da je glavni razlog povećanja važnosti uslužnih djelatnosti u Hrvatskoj uglavnom opći porast dohotka/potrošnje, a postoje i naznake da domaći sektor digitalne ekonomije ima važnu ulogu u povećanju općeg tehnološkog kapaciteta i napretka.</description>
    </item>
    
    <item>
      <title>Ekonomski aspekti COVID-19 na domaću ekonomiju</title>
      <link>http://croecon.contentio.biz/post/ekonomski-aspekti-covid-19-na-doma-u-ekonomiju/</link>
      <pubDate>Thu, 02 Apr 2020 00:00:00 +0000</pubDate>
      <author>mislav.sagovac@contentio.biz (Mislav Sagovac)</author>
      <guid>http://croecon.contentio.biz/post/ekonomski-aspekti-covid-19-na-doma-u-ekonomiju/</guid>
      <description>Od zadnjeg objavljenog posta do danas se svijet u kojem živimo jako promijenio uslijed pandemije SARS-Cov-2 virusa (COVID-19 bolest) koji je zaustavio, ionako oslabljenu globalizaciju i započeo okretanje prema lokalnoj, Polany-evskoj ekonomiji. Usprkos takvom obratu, u javnosti se pojavljuje teza da i u ovakvoj situaciji mehanizam prilagodbe treba prepustiti tržištu, to jest pustiti da pogođene tvrtke propadnu, a prežive one koje će imati dovoljno „zaliha“ za financiranje tekućih gubitaka. Međutim, samim zatvaranjem firmi i uvođenjem karantene prestali su funkcionirati tržišni mehanizmi.</description>
    </item>
    
    <item>
      <title>Globalizacija je dobra za sve, ali loša za neke</title>
      <link>http://croecon.contentio.biz/post/globalizacija-je-dobra-za-sve-ali-lo-a-za-neke/</link>
      <pubDate>Mon, 04 Nov 2019 00:00:00 +0000</pubDate>
      <author>mislav.sagovac@contentio.biz (Mislav Sagovac)</author>
      <guid>http://croecon.contentio.biz/post/globalizacija-je-dobra-za-sve-ali-lo-a-za-neke/</guid>
      <description>Povodom nadolazećeg blagdana Svih svetih, prekjučer je na Dnevniku HRT-a prikazan prilog o proizvođačima cvijeća. Novinarka je intervjuirala nekoliko vlasnika OPG-a, koji su prezentirali svoj asortiman cvijeća i govorili o dobrim i lošim stranama svog posla. Najveću prepreku sadašnjem, a posebno budućem poslovanju, vide u povećanom uvozu cvijeća. U prilogu je istaknuto da je uvoz cvijeća ove godine porastao za 5%, a najveći rast uvoza odnosi se na uvoz cvijeća iz Nizozemske.</description>
    </item>
    
    <item>
      <title>Analiza investicija u RH u posljednjih 15 godina</title>
      <link>http://croecon.contentio.biz/post/analiza-investicija-u-rh-u-posljednjih-15-godina/</link>
      <pubDate>Thu, 24 Oct 2019 00:00:00 +0000</pubDate>
      <author>mislav.sagovac@contentio.biz (Mislav Sagovac)</author>
      <guid>http://croecon.contentio.biz/post/analiza-investicija-u-rh-u-posljednjih-15-godina/</guid>
      <description>Prošli tjedan sam u koautorstvu s prof. Ticom, za skup koje organizira Hrvatsko društvo ekonomista, napisao tekst o dinamici i strukturi investicija nefinancijskih poduzeća u RH. U ovom postu ću iznijeti neke zanimljive nalaze iz te analize. Analiza koristi podatke različite razine agregacije pa su osim uobičajenih makro podataka (Eurostat, HNB, DZS) u radu korišteni i mikro podaci iz GFI-ova što omogućuje dublji uvid o naravi investicija u dugom razdoblju (uzorak uključuje panel podatke za razdoblje od 2000.</description>
    </item>
    
    <item>
      <title>Analiza zastupljenosti predsjedničkih kandidata na domaćim portalima</title>
      <link>http://croecon.contentio.biz/post/analiza-zatupljenosti-o-predsjedni-kih-kandidatima-na-doma-im-portalima/</link>
      <pubDate>Wed, 25 Sep 2019 00:00:00 +0000</pubDate>
      <author>mislav.sagovac@contentio.biz (Mislav Sagovac)</author>
      <guid>http://croecon.contentio.biz/post/analiza-zatupljenosti-o-predsjedni-kih-kandidatima-na-doma-im-portalima/</guid>
      <description>Nakon ljetnog zatišja, kampanja za predsjedničke izbore od kraja kolovoza opet dobiva momentum. To je vidljivo na donjem grafikonu koji prikazuje tjedno kretanje broja članaka u kojima se spominju predsjednički kandidati na svim važnijim domaćim internetskim portalima. Broj kandidata je još uvijek neslužben i kreće se negdje oko 10ak, a čini se da najveći dio kandidata koristi platformu predsjedničke kampanje za osobnu (političku) promidžbu i nema ozbiljne namjere niti šanse za pobjedu.</description>
    </item>
    
    <item>
      <title>Zombie tvrtke</title>
      <link>http://croecon.contentio.biz/post/zombie-tvrtke/</link>
      <pubDate>Fri, 20 Sep 2019 00:00:00 +0000</pubDate>
      <author>mislav.sagovac@contentio.biz (Mislav Sagovac)</author>
      <guid>http://croecon.contentio.biz/post/zombie-tvrtke/</guid>
      <description>U prethodnim postovima su u fokusu bile najbolje hrvatske tvrtke, odnosno sektori, a podatci pokazuju da bolji dio poslovnog sektora čine domaće tvrtke u punom ili djelomičnom stranom vlasništvu. Osim domaćih tvrtki u stranom vlasništvu, bolji dio poslovnog sektora uključuje i tvrtke iz IT sektora. Domaćih tvrki u stranom vlasništvu je 2017. godine bilo nešto manje od 12 tisuća dok u IT sektoru posluje oko 5.6 tisuća firmi. Upravo tih 20ak tisuća tvrtki predstavlja najproduktivniji i najprofitabilniji dio hrvatske ekonomije.</description>
    </item>
    
    <item>
      <title>Primjena AutoML modela za predikciju cijena dionica</title>
      <link>http://croecon.contentio.biz/post/primjena-automl-modela-za-predikciju-cijena-dionica/</link>
      <pubDate>Thu, 05 Sep 2019 00:00:00 +0000</pubDate>
      <author>mislav.sagovac@contentio.biz (Mislav Sagovac)</author>
      <guid>http://croecon.contentio.biz/post/primjena-automl-modela-za-predikciju-cijena-dionica/</guid>
      <description>Prije pola godine sam napisao post o primjeni modela dubokog učenja na predikciju cijene dionice tehnike (THNK). U ovom postu ću primijeniti drugi, u posljednje vrijeme vrlo popularni pristup za predikciju općenito: automatsko strojno učenje (dalje AutoML). AutoML podrazumijeva primjenu skupa različitih vrsta modela strojnog učenja te izbor najboljeg modela ovisno o izabranoj loss funkciji. AumoML najčešće ne zahtijeva znanje o programiranju i razvoju modela. Potrebno je samo pripremiti podatke za analizu (učitavanje podatka, bavljenje sa nedostajućim vrijednostima i slično), te promijeniti AutoML funkciju na čistu matricu podatka.</description>
    </item>
    
    <item>
      <title>Prikupljanje e-malova sa velikog broja web stranica</title>
      <link>http://croecon.contentio.biz/post/prikupljanje-e-malova-sa-velikog-broja-web-stranica/</link>
      <pubDate>Thu, 01 Aug 2019 00:00:00 +0000</pubDate>
      <author>mislav.sagovac@contentio.biz (Mislav Sagovac)</author>
      <guid>http://croecon.contentio.biz/post/prikupljanje-e-malova-sa-velikog-broja-web-stranica/</guid>
      <description>U predzadnjem postu sam prikazao kako preuzeti e-mail adrese sadržane unutar slike (.img) sa web stranice. Međutim, mnogo češće se email-ovi nalaze unutar &amp;lt;a&amp;gt; html taga ili kao čisti tekst. U ovom postu ću prikazati kako preuzeti e-mail adrese sa web stranica u tom slučaju. Post može biti zanimljiv svima koje žele raditi ciljane e-mail kampanje programski i tako zaobići ručno preuzimanje podataka sa web stranica.
Nedavno sam htio preuzeti e-mail adrese leasing kuća u Hrvatskoj.</description>
    </item>
    
    <item>
      <title>Analiza vijesti o predsjedničkim kandidatima</title>
      <link>http://croecon.contentio.biz/post/analiza-vijesti-o-predsjedni-kim-kandidatima/</link>
      <pubDate>Tue, 30 Jul 2019 00:00:00 +0000</pubDate>
      <author>mislav.sagovac@contentio.biz (Mislav Sagovac)</author>
      <guid>http://croecon.contentio.biz/post/analiza-vijesti-o-predsjedni-kim-kandidatima/</guid>
      <description>Pred kraj 2019. godine će se u Hrvatskoj održati sedmi predsjednički izbori, a neslužbena izborna kampanja već je započela. Iako se još ne zna tko točno sudjeluje u predsjedničkoj utrci, Ante Simonić, Dalija Orešković, Vlaho Orepić, Tomislav Panenić, Katarina Peović, Mislav Kolakušić, Miroslav Škoro, Ivan Pernar i Zoran Milanović se spominju u medijima kao kandidati. Pošto su svi Hrvatski predsjednici do sada, osim Ive Josipovića, zadržali predsjedničku poziciju u trajanju od dva mandata, za očekivati je da će se i aktualna predsjednica, uz statističku prednost, također uključiti u utrku.</description>
    </item>
    
    <item>
      <title>Zašto je smanjenje stope PDV-a na usluge restorana loša porezna mjera?</title>
      <link>http://croecon.contentio.biz/post/za-to-je-smanjenje-stope-pdv-a-na-usluge-restorana-lo-a-porezna-mjera/</link>
      <pubDate>Sun, 28 Jul 2019 00:00:00 +0000</pubDate>
      <author>mislav.sagovac@contentio.biz (Mislav Sagovac)</author>
      <guid>http://croecon.contentio.biz/post/za-to-je-smanjenje-stope-pdv-a-na-usluge-restorana-lo-a-porezna-mjera/</guid>
      <description>Vlada je najavila novi paket „poreznih reformi“. Jedna od značajnijih izmjena je uvođenje snižene stope PDV-a na „pripremu i dostavu hrane u ugostiteljskim objektima“ s 25% na 13%. Prema pisanju medija, ministar Marić je bio protiv ove mjere, ali je ona ipak donesena zbog snažnog lobija ministarstva turizma i ugostiteljskog ceha.
Prije razmatranja ove mjere valja podsjetiti na osnovne karakteristike sustava PDV-a u EU. Sve zemlje EU imaju osnovnu stopu PDV-a, koja, prema direktivama EU, ne bi trebala biti niža o d 15%.</description>
    </item>
    
    <item>
      <title>Kako preuzeti e-mailove sa web stranice pomoću R-a?</title>
      <link>http://croecon.contentio.biz/post/kako-preuzeti-e-mailove-sa-web-stranice-pomo-u-r-a/</link>
      <pubDate>Thu, 25 Jul 2019 00:00:00 +0000</pubDate>
      <author>mislav.sagovac@contentio.biz (Mislav Sagovac)</author>
      <guid>http://croecon.contentio.biz/post/kako-preuzeti-e-mailove-sa-web-stranice-pomo-u-r-a/</guid>
      <description>Mali poduzetnici do novih potencijalnih klijenta dolaze na četiri glavna načina: poštom, e-mailom, hladnim pozivom ili preporukom. Iako postoji cijela teorija marketinga o tome kako doći do novih klijenata, prvi kontakt se u većini slučajeva temelji na ove 4 jednostavne tehnike (barem kada je riječ o B2B prodaji). U ovom postu ću pokazati kako se pomoću programskog jezika R može relativno jednostavno prikupiti javno dostupne e-mail adrese sa određene stranice.</description>
    </item>
    
    <item>
      <title>Hrvatska - od postindustrijskog do postmaterijalističkog društva!?</title>
      <link>http://croecon.contentio.biz/post/hrvatska-od-postindustrijskog-do-postmaterijalisti-kog-dru-tva/</link>
      <pubDate>Mon, 24 Jun 2019 00:00:00 +0000</pubDate>
      <author>mislav.sagovac@contentio.biz (Mislav Sagovac)</author>
      <guid>http://croecon.contentio.biz/post/hrvatska-od-postindustrijskog-do-postmaterijalisti-kog-dru-tva/</guid>
      <description>U ekonomsko-političkom diskursu se često čuje kako Hrvatska ima nepovoljnu proizvodnu strukturu gospodarstva, prije svega zbog smanjenja relativne veličine proizvodnog sektora i porasta važnosti uslužnih djelatnosti. Na osnovi takvog shvaćanja, političari, a i jedan dio domaćih ekonomista, predlažu zaokret u ekonomskoj politici koja bi trebala ići u smjeru poticanja proizvodnje ili barem zaustavljanja procesa deindustrijalizacije. Deindustrijalizacijski proces u Hrvatskoj tako postaje dnevno-politička tema u kojoj se zanemaruju gotovo svi njegovi važni elementi.</description>
    </item>
    
    <item>
      <title>Analiza tekstova u Poslovnom dnevniku</title>
      <link>http://croecon.contentio.biz/post/analiza-teksta-poslovni-dnevnik/</link>
      <pubDate>Mon, 03 Jun 2019 00:00:00 +0000</pubDate>
      <author>mislav.sagovac@contentio.biz (Mislav Sagovac)</author>
      <guid>http://croecon.contentio.biz/post/analiza-teksta-poslovni-dnevnik/</guid>
      <description>Prije nekoliko tjedana, Mislav je započeo seriju eksplorativno-analitičkih postova koji se temelje na specifičnoj jezičnoj analizi teksta. Prvi post je ukazao na eksplorativne potencijale koje takva analiza omogućava na temelju velikog broja tekstova Vecernjeg lista, objavljenih u nešto više od zadnjih godinu dana. Drugi post analitički razmatra neke elemente radikalizma u domaćem političkom diskursu.
Ovaj post nastavak je započete serije postova kojim želim ukazati na potencijal nekih analitičkih metoda koje se, na engleskim tekstovima već uobičajeno koriste.</description>
    </item>
    
    <item>
      <title>Tko više spominje ustaše i fašizam, Novosti ili Večernji?</title>
      <link>http://croecon.contentio.biz/post/tko-vi-e-spominje-usta-e-i-fa-itzam-novosti-ili-ve-ernji/</link>
      <pubDate>Thu, 23 May 2019 00:00:00 +0000</pubDate>
      <author>mislav.sagovac@contentio.biz (Mislav Sagovac)</author>
      <guid>http://croecon.contentio.biz/post/tko-vi-e-spominje-usta-e-i-fa-itzam-novosti-ili-ve-ernji/</guid>
      <description>Portal Novosti često je na meti pojedinih novinara. Primjer je nedavni tekst Nine Raspudića u kojem se autor kritički osvrće na ovaj portal. Navodim neke citate iz teksta:
Nominalno i proračunski tjednik srpske manjine, a koji je postao udomilište za Feralovu siročad, gdje su de facto ti etnički Hrvati zauzeli glasilo srpske manjine, suzili ga na ekstremno-lijevo poziciju i vezali uz partikularne političke opcije pa srpsku manjinu, u čije ime tobože govore i kojoj namijenjena sredstva sisaju, perfidno konfrontiraju s hrvatskom većinom.</description>
    </item>
    
    <item>
      <title>Razlozi za podržavanje sindikalne incijative</title>
      <link>http://croecon.contentio.biz/post/razlozi-za-podr-avanje-sindikalne-incijative/</link>
      <pubDate>Thu, 09 May 2019 00:00:00 +0000</pubDate>
      <author>mislav.sagovac@contentio.biz (Mislav Sagovac)</author>
      <guid>http://croecon.contentio.biz/post/razlozi-za-podr-avanje-sindikalne-incijative/</guid>
      <description>Sindikalna inicijativa “67 je previše” počela je nedavno prikupljati potpise za raspisivanje referenduma o izmjenama Zakona o mirovinskom osiguranju. Inicijativa kao glavni cilj želi spriječiti dizanje dobne granice za odlazak u punu mirovinu na 67 godina. U referendumsku inicijativu su uključene tri sindikalne središnjice, a osim smanjenja granice za odlazak u starosnu imovinu se traži uvođenje mogućnosti stjecanja prava na prijevremenu mirovinu sa 60 godina i da se penalizacija zbog prijevremene mirovine smanji s 0,3 na 0,2 posto.</description>
    </item>
    
    <item>
      <title>Zašto su cijene prehrambenih proizvoda u Njemačkoj iste kao i cijene istih proizvoda u Hrvatskoj?</title>
      <link>http://croecon.contentio.biz/post/za-to-su-cijene-prehrambenih-proizvoda-u-njema-koj-iste-kao-i-cijene-istih-proizvoda-u-hrvatskoj/</link>
      <pubDate>Sat, 27 Apr 2019 00:00:00 +0000</pubDate>
      <author>mislav.sagovac@contentio.biz (Mislav Sagovac)</author>
      <guid>http://croecon.contentio.biz/post/za-to-su-cijene-prehrambenih-proizvoda-u-njema-koj-iste-kao-i-cijene-istih-proizvoda-u-hrvatskoj/</guid>
      <description>Svakih nekoliko tjedana, u medijima se pojavi tekst ili video u kojem se uspoređuju cijene proizvoda u Hrvatskoj i Njemačkoj (ili nekoj drugoj razvijenoj zemlji). Jedan od takvih videa izašao je na večernjem.hr prije 10 dana, a možete ga pogledati na sljedećoj poveznici. Autor videa živi u Njemačkoj, dok supruga živi u Hrvatskoj. Oboje su kupovali iste prehrambene proizvode u Njemačkoj i Hrvatskoj, u istom trgovačkom lancu, te potom usporedili cijene proizvoda.</description>
    </item>
    
    <item>
      <title>Interaktivni pregled podataka HNB o izravnim inozemim ulaganljima</title>
      <link>http://croecon.contentio.biz/post/interaktivni-pregled-podataka-hnb-o-izravnim-inozemim-ulaganljima/</link>
      <pubDate>Wed, 24 Apr 2019 00:00:00 +0000</pubDate>
      <author>mislav.sagovac@contentio.biz (Mislav Sagovac)</author>
      <guid>http://croecon.contentio.biz/post/interaktivni-pregled-podataka-hnb-o-izravnim-inozemim-ulaganljima/</guid>
      <description>Prije nekoliko tjedana sam analizirao prilike u domaćim tvrtkama koje su u vlasništvu stranih rezidenata. Pregled je pokazao da strani sektor posluje na višoj razini produktivnosti i profitabilnosti od domaćeg te da su strane tvrtke otpornije na ekonomske šokove od domaćih, a osim stabilizacije poslovnog ciklusa, strane tvrtke doprinose i dugoročnom rastu, primjerice kroz povećanje opće tehnološke granice. Ta je analiza napravljena na osnovi podataka o poslovanju tvrtki i kao takva govori o efektima izravnih inozemnih ulaganja.</description>
    </item>
    
    <item>
      <title>Neiskorišteni potencijalni analize teksta u RH</title>
      <link>http://croecon.contentio.biz/post/neiskori-teni-potencijalni-analize-teksta-u-rh/</link>
      <pubDate>Thu, 11 Apr 2019 00:00:00 +0000</pubDate>
      <author>mislav.sagovac@contentio.biz (Mislav Sagovac)</author>
      <guid>http://croecon.contentio.biz/post/neiskori-teni-potencijalni-analize-teksta-u-rh/</guid>
      <description>Nedavno sam razgovarao s kolegom s Ekonomskog fakulteta o mogućem utjecaju velikih količina podataka na (makro)ekonomiju. U razgovoru smo se dotakli jednog praktičnog primjera o korištenju javno dostupnih, nestrukturiranih, relativno velikih podataka u makroekonomskim istraživanjima. Riječ je o tekstovima koji se nalaze na webu. Dok se podaci statističkih zavoda uglavnom nalaze u strukturiranoj formi, za analizu tekstova dostupnih na webu potrebno je uložiti određeni napor da bi se podatci preuzeli i uredili za statističku ili neku drugu analizu.</description>
    </item>
    
    <item>
      <title>Dobar posao Financijske agencije sa GFI-ovima</title>
      <link>http://croecon.contentio.biz/post/dobar-posao-financijske-agencije-sa-gfi-ovima/</link>
      <pubDate>Wed, 10 Apr 2019 00:00:00 +0000</pubDate>
      <author>mislav.sagovac@contentio.biz (Mislav Sagovac)</author>
      <guid>http://croecon.contentio.biz/post/dobar-posao-financijske-agencije-sa-gfi-ovima/</guid>
      <description>Nedavno je na Indeks.hr obavljen tekst u kojem se iznosi čuđenje suosnivača poznate tvrtke Nanobit zbog dopisa koji je dobio od Financijske agencije (dalje FINA). Ukratko, Alan Sumina je, uz suvlasništvo u Nanobitu, i vlasnik druge tvrtke koja ne obavlja djelatnost (u mirovanju je), ali koja je dužna objavljivati financijske izvještaje. S obzirom da izvještaj nije predo, FINA je Sumini poslala „poziv“ da preda izvještaj i da će protiv njega biti pokrenuta tužba ukoliko ne se ne odazove pozivu.</description>
    </item>
    
    <item>
      <title>Productivity puzzle i digitalna ekonomija u RH</title>
      <link>http://croecon.contentio.biz/post/productivity-puzzle-i-digitalna-ekonomija-u-rh/</link>
      <pubDate>Mon, 08 Apr 2019 00:00:00 +0000</pubDate>
      <author>mislav.sagovac@contentio.biz (Mislav Sagovac)</author>
      <guid>http://croecon.contentio.biz/post/productivity-puzzle-i-digitalna-ekonomija-u-rh/</guid>
      <description>Iako u ekonomskoj znanosti ne postoji konsenzus oko toga što točno jesu tehnologija i produktivnost, većinsko je uvjerenje ekonomista da je produktivnost ključni faktor ekonomskog rasta. U tom kontekstu trend globalnog usporavanja produktivnosti je zabrinjavajući. Taj je fenomen dodatno izražen u europskim zemljama, među kojima postoje znatne razlike u tehnološkim kapacitetima i kretanjima. Tehnološke razlike najizraženije su između novih i starih članica ali i sjevera naspram juga Europe. S obzirom na ekspanziju digitalne ekonomije i njezinih očekivanih tehnoloških dobitaka, slab rast produktivnosti na globalnoj razini, svojevrsna je zagonetka ali i razlog za zabrinutost.</description>
    </item>
    
    <item>
      <title>Predviđanje cijene dionica pomoću modela dubokog učenja</title>
      <link>http://croecon.contentio.biz/post/predvi-anje-cijene-dionica-uz-pomo-u-modela-dubokog-u-enja/</link>
      <pubDate>Wed, 20 Mar 2019 00:00:00 +0000</pubDate>
      <author>mislav.sagovac@contentio.biz (Mislav Sagovac)</author>
      <guid>http://croecon.contentio.biz/post/predvi-anje-cijene-dionica-uz-pomo-u-modela-dubokog-u-enja/</guid>
      <description>Prošli tjedan sam započeo novi hobistički projekt. Riječ je o analizi dionica u Hrvatskoj i susjednim zemljama. Konačan broj zemalja koji će biti uključen u analizu ovisit će politici otvorenosti podataka pojedinih burzi. Projekt ću kontinuirano prezentirati na ovom blogu, na novoj Shiny aplikaciji koju ću razvijati isključivo za ovu svrhu i Github repozitoriju, odnosno R paketu koji će sadržavati sve ključne funkcije važne za projekt. Cilj je više edukativni: primjenom statističkih modela za predikciju cijena dionica upoznati sebe, ali i zainteresirane čitatelje sa klasičnim i state of the art modelima za predikciju vremenskih serija (cijena dionice).</description>
    </item>
    
    <item>
      <title>Izravna strana ulaganja:pozitivni efekti koji mogu biti i veći!</title>
      <link>http://croecon.contentio.biz/post/izravna-strana-ulaganja-pozitivni-efekti-koji-mogu-biti-i-ve-i/</link>
      <pubDate>Tue, 19 Mar 2019 00:00:00 +0000</pubDate>
      <author>mislav.sagovac@contentio.biz (Mislav Sagovac)</author>
      <guid>http://croecon.contentio.biz/post/izravna-strana-ulaganja-pozitivni-efekti-koji-mogu-biti-i-ve-i/</guid>
      <description>Izravna strana ulaganja (FDI) prije 10-ak godina bila su iznimno važna ekonomska tema. Razlog tome zasigurno je bio u intenzitetu globalizacije i internacionalizacije poslovanja koji su tada bili ključni ekonomski trendovi. Suvremena ekonomska teorija predviđa pozitivan efekt izravnih stranih ulaganja (FDI) na niz ekonomskih pokazatelja i razvoj općenito. Izravna strana ulaganja očekivano bi trebala donositi korist domaćim i stranim tvrtkama ali i cjelokupnom gospodarstvu. Teorija predviđa snažnije efekte u zemljama ispod tehnološke granice kao i zemljama u procesu smanjenja razvojnog jaza.</description>
    </item>
    
    <item>
      <title>Znanstveni lab u CroEcon aplikaciji - brza i jednostavna ekonometrijska analiza</title>
      <link>http://croecon.contentio.biz/post/znanstveni-lab-u-croecon-apliakciji-najbr-i-i-najlak-i-ekonometrijski-testovi/</link>
      <pubDate>Tue, 12 Mar 2019 00:00:00 +0000</pubDate>
      <author>mislav.sagovac@contentio.biz (Mislav Sagovac)</author>
      <guid>http://croecon.contentio.biz/post/znanstveni-lab-u-croecon-apliakciji-najbr-i-i-najlak-i-ekonometrijski-testovi/</guid>
      <description>Ako Vas netko upita: što objašnjava rast/pad varijable y nefinancijskih poduzeća u Republici Hrvatskoj, pri čemu y može biti izvoz, uvoz, prihodi, dobit i td, što biste odgovorili? Vjerojatno bi se pokušavali sjetiti nekog nedavnog istraživanja koje ste čitali, a koje se bavi izučavanjem varijable y ili bi pokušali odgovoriti intuitivno, prvoloptaški (npr. visoki nameti). Čak i kada biste imali kratko vrijeme na raspolaganju teško bi uspjeli brzo prikupiti podatke, i napraviti jednostavan model (graf, ekonometrijski model), koji bi Vam pomogao u odgovoru na pitanje.</description>
    </item>
    
    <item>
      <title>Pogled na hrvatsku tehnološku granicu</title>
      <link>http://croecon.contentio.biz/post/pogled-na-hrvatsku-tehnolo-ku-granicu/</link>
      <pubDate>Wed, 06 Mar 2019 00:00:00 +0000</pubDate>
      <author>mislav.sagovac@contentio.biz (Mislav Sagovac)</author>
      <guid>http://croecon.contentio.biz/post/pogled-na-hrvatsku-tehnolo-ku-granicu/</guid>
      <description>Tehnologiju nije jednostavno definirati, a još ju je teže kvantificirati. Ekonomisti najčešće koriste produktivnost faktora proizvodnje ( TFP ) kao proxy za tehnologiju. TFP kao mjera tehnologije krije niz konceptualnih i praktičnih poteškoća, ali je i nadalje dobro rješenje za analizu tehnološkoga napretka.Zbog toga sam odlučio procijeniti proizvodnu funkciju domaćih tvrtki i na temelju toga promotriti tehnološke trendove u gospodarstvu.Procjena TFP-a svojevrsni je analitički poduhvat i uglavnom se odnosi na pravilnu specifikaciju proizvodne funkcije.</description>
    </item>
    
    <item>
      <title>Visoka koncetriranost dobiti, DNV-a i investicija u RH</title>
      <link>http://croecon.contentio.biz/post/visoka-koncetriranost-dobiti-dnv-a-i-investicija-u-rh/</link>
      <pubDate>Fri, 01 Mar 2019 00:00:00 +0000</pubDate>
      <author>mislav.sagovac@contentio.biz (Mislav Sagovac)</author>
      <guid>http://croecon.contentio.biz/post/visoka-koncetriranost-dobiti-dnv-a-i-investicija-u-rh/</guid>
      <description>Ekonomske fenomene često karakterizira visoka razina koncetracije Primjerice, u jednom od prošlih postova je prikazan stupanj koncentracije izvozne aktivnosti. Pokazano je da u razdoblju 2002-2017, 10 najvećih izvoznika čini čak 18% ukupnog izvoza, a 30 najvećih izvoznika čini 30% ukupnog hrvatskog izvoza. U ovom kratkom postu ću analizirati stupanj koncentracije nefinancijskih poduzeća za druge ekonomske varijable. Stupanj koncetracije pokazuje koliko je kretanje makroekonomskih varijabli pod utjecajem velikih poduzeća. Analiza koncentriranosti nalazi se u CroEcon aplikaciji u modulu “Poslovni subjekti”, pa čitatelj može samostalno analizirati stupanj koncetracije za razne varijable poput uvoza, izvoza, prihoda i dr.</description>
    </item>
    
    <item>
      <title>QuantEcon projekt ili kako napraviti *cutting edge* kolegij</title>
      <link>http://croecon.contentio.biz/post/quantecon-projekt-ili-kako-napraviti-cutting-edge-kolegij/</link>
      <pubDate>Wed, 20 Feb 2019 00:00:00 +0000</pubDate>
      <author>mislav.sagovac@contentio.biz (Mislav Sagovac)</author>
      <guid>http://croecon.contentio.biz/post/quantecon-projekt-ili-kako-napraviti-cutting-edge-kolegij/</guid>
      <description>U ovom postu želim podijeliti svoje oduševljenje sa online platformom za podučavanje kvantitativne makroekonomiju te prikazati kako se pripadajući programski kodovi (modeli), pisani u Pythonu, mogu implementirati u programskom jeziku R. Riječ je o stranici Quantitative macroeconomics, čiji su autori T. Sargent i J. Stachurski. Stranica me nije oduševila zbog vrste kolegija na koji se odnosi (kvantitativna makroekonomija), već zbog upotrebe modernih alata u podučavanju tehnički zahtjevnog i kompleksnog područja.</description>
    </item>
    
    <item>
      <title>Kojem klubu pripada Hrvatska?</title>
      <link>http://croecon.contentio.biz/post/kojem-klubu-pripada-hrvatska/</link>
      <pubDate>Tue, 19 Feb 2019 00:00:00 +0000</pubDate>
      <author>mislav.sagovac@contentio.biz (Mislav Sagovac)</author>
      <guid>http://croecon.contentio.biz/post/kojem-klubu-pripada-hrvatska/</guid>
      <description>Imajući na umu manjak interesa za analizu konvergencije dohotka u Hrvatskoj, analizirao sam nekoliko jednostavnih grafikona koji opisuju proces smanjenja dohodovnih razlika Hrvatske i nekoliko (potencijalnih) konvergencijskih klubova. Također, nastojao sam utvrditi na koji se način ti rezultati uklapaju u literaturu o konvergenciji (post)tranzicijskih EU zemalja. Tema je dodatno aktualna u kontekstu očekivanog usporavanja domaće ekonomije jer ukazuje na mogući razvoj ekonomske krize. Rezultati analize ukazuju na to da u razdobljima ekonomskog rasta Hrvatska prati dinamiku rasta novih zemalja članica EU(NMS) dok obrazac kretanja dohotka u periodu krize ima više sličnosti s južnim EU zemljama (SEU).</description>
    </item>
    
    <item>
      <title>Doprinosi djelatnosti BDP-u u RH i po županijama</title>
      <link>http://croecon.contentio.biz/post/doprinosi-djelatnosti-bdp-u-u-rh-i-po-upanijama/</link>
      <pubDate>Fri, 15 Feb 2019 00:00:00 +0000</pubDate>
      <author>mislav.sagovac@contentio.biz (Mislav Sagovac)</author>
      <guid>http://croecon.contentio.biz/post/doprinosi-djelatnosti-bdp-u-u-rh-i-po-upanijama/</guid>
      <description>U javnosti se često iznosi teza o propasti hrvatske proizvodnje, pretjeranoj važnosti turizma za Hrvatsku ekonomiju, slomu građevinskog sektora nakon krize i druge tvrdnje koje ističu ekspanziju ili kontrakciju pojedinog sektora hrvatskog gospodarstva. U ovom postu ću prezentirati novi modul u CroEcon aplikaciji koja omogućuje brzu analizu ovih tvrdnji. Fokusirat ću se na razdoblje 2002-2018 , jer za to razdoblje postoje službeni podaci. Naziv novog modula je: Statistika poslovnih subjekata.</description>
    </item>
    
    <item>
      <title>Simulakrum u sektoru programiranja</title>
      <link>http://croecon.contentio.biz/post/simulakrum-u-sektoru-programiranja/</link>
      <pubDate>Mon, 11 Feb 2019 00:00:00 +0000</pubDate>
      <author>mislav.sagovac@contentio.biz (Mislav Sagovac)</author>
      <guid>http://croecon.contentio.biz/post/simulakrum-u-sektoru-programiranja/</guid>
      <description>Zadnjih nekoliko godina (nova) digitalna ekonomija u središtu je policy i istraživačke pozornosti. Robotika, automatizacija proizvodnih procesa, obrada podataka (big data, AI), nove mrežne platforme i sl. među glavnim su temama akdemskih analiza, formalnih i neformalnih rasprava u policy institucijama, policy dokumenata, konferencija središnjih banaka te poslovnih krugova. Intenzitet digitalne transformacije ali i relevantnost teme vidljiva je u mnogim nedavno (osobito nakon 2012. godine) objavljenim znanstvenim radovima, policy analizama te praktičnim policy implementacijama.</description>
    </item>
    
    <item>
      <title>Hrvatska nakon sljedeće recesije</title>
      <link>http://croecon.contentio.biz/post/hrvatska-nakon-sljede-e-recesije/</link>
      <pubDate>Mon, 04 Feb 2019 00:00:00 +0000</pubDate>
      <author>mislav.sagovac@contentio.biz (Mislav Sagovac)</author>
      <guid>http://croecon.contentio.biz/post/hrvatska-nakon-sljede-e-recesije/</guid>
      <description>U posljednje vrijeme ekonomisti u međusobno neovisnim postovima i izjavama sve češće predviđaju novu recesiju. Hamilton i Chin analiziraju krivulju prinosa i Economic Policy Uncertainty Index (EPUI), te zaključuju da je recesija izgledna u 2019. Brad De Long također smatra da je recesija izvjesna, a moguće uzroke vidi u bijegu u sigurnu imovinu zbog nestabilnosti na tržištima kapitala. Larry Summers tvrdi da je recesija do 2020.</description>
    </item>
    
    <item>
      <title>Dinamika i struktura zaposlenosti (RH, županije, gradovi)</title>
      <link>http://croecon.contentio.biz/post/dinamika-i-struktura-zaposlenosti-u-rh-i-po-upanijama/</link>
      <pubDate>Wed, 16 Jan 2019 00:00:00 +0000</pubDate>
      <author>mislav.sagovac@contentio.biz (Mislav Sagovac)</author>
      <guid>http://croecon.contentio.biz/post/dinamika-i-struktura-zaposlenosti-u-rh-i-po-upanijama/</guid>
      <description>U jednom od prijašnjih postova analizirao sam dinamiku zaposlenosti u RH. Rezultati analize su bili prezentirani na CroEcon aplikaciji. S obzirom da su podaci o zaposlenima javno dostupni na stranicama HZMO-a, odlučio sam prikupiti podatke o zaposlenima na mjesečnoj razini za razdoblje 2014-2018 na razini županija i gradova/općina. Na stranicama HZMO-a nisu dostupni podaci za ranije razdoblje. Podaci omogućuju i raščlanjivanje podataka s obzirom na tip osiguranja (postoji 7 tipova osiguranja) i spol.</description>
    </item>
    
    <item>
      <title>Najveće plaće u RH po djelatnostima</title>
      <link>http://croecon.contentio.biz/post/najve-e-pla-e-u-rh/</link>
      <pubDate>Mon, 07 Jan 2019 00:00:00 +0000</pubDate>
      <author>mislav.sagovac@contentio.biz (Mislav Sagovac)</author>
      <guid>http://croecon.contentio.biz/post/najve-e-pla-e-u-rh/</guid>
      <description>U ovom osvrtu ćemo pogledati koje djelatnosti i sektori u Hrvatskoj isplaćuju najveće plaće. Tradicionalno djelatnosti Informacija i komunikacija (J), Opskrbe energijom(D), Rudarstva i vađenja (B), Financije (K) i Javna uprava (O) isplaćuju najviše prosječne place. Teško je izdvojiti “najbolju” djelatnost jer se plaće kreću ciklički i ovise o nizu različitih faktora, kako globalnim i europskim kretanjima u gospodarstvu i tehnologiji,tako i o domaćem tržištu rada, migracijskim trendovima i političkim prilikama.</description>
    </item>
    
    <item>
      <title>R&amp;D hrvatskih poduzeća</title>
      <link>http://croecon.contentio.biz/post/r-d-hrvatskih-poduze-a/</link>
      <pubDate>Thu, 03 Jan 2019 00:00:00 +0000</pubDate>
      <author>mislav.sagovac@contentio.biz (Mislav Sagovac)</author>
      <guid>http://croecon.contentio.biz/post/r-d-hrvatskih-poduze-a/</guid>
      <description>Izdatci za istraživanje i razvoj (RnD) nisu posebno bitna tema u Hrvatskoj. Pokazatelj toga je izrazito malen broj novinarskih članaka, rasprava ali i znanstvenih radova koji se bave tom temom. Sa druge strane, ekonomska teorija jasno pokazuje kako ulaganje u RnD ima ključnu ulogu u formiranju vlastitih tehnoloških ali i apsorpcijskih (bitnih za uspješno usvajanje tehnologije iz inozemstva) kapaciteta zemlje pa je tako opravdano pretpostaviti da je ulaganje u RnD od velike važnosti za smanjenje tehnološkog i razvojnog jaza u Hrvatskoj.</description>
    </item>
    
    <item>
      <title>Izvoznici i uvoznici su najčešće iste tvrtke</title>
      <link>http://croecon.contentio.biz/post/izvoznici-i-uvoznici-su-naj-e-e-iste-tvrtke/</link>
      <pubDate>Sun, 09 Dec 2018 00:00:00 +0000</pubDate>
      <author>mislav.sagovac@contentio.biz (Mislav Sagovac)</author>
      <guid>http://croecon.contentio.biz/post/izvoznici-i-uvoznici-su-naj-e-e-iste-tvrtke/</guid>
      <description>## Warning in .local(conn, statement, ...): Decimal MySQL column 28 imported## as numericU prošlom postu sam analizirao koncentriranost uvozne i izvozne aktivnosti u RH. Većina izvozne i uvozne aktivnosti odnosi se na mali postotak velikih poduzeća. Primjerice 1% najvećih izvoznika čini 87.8% ukupnog izvoza, a 20 najvećih uvoznika čini čak 25% ukupnog uvoza nefinancijskih poduzeća. Na temelju pregleda podataka o međunarodnoj razmjeni uočava se kako su veliki izvoznici u pravilu i veliki uvoznici.</description>
    </item>
    
    <item>
      <title>Koncentriranost izvoza i uvoza u RH</title>
      <link>http://croecon.contentio.biz/post/izvoz-i-uvoz-su-visokokoncentrirane-aktivnosti/</link>
      <pubDate>Thu, 06 Dec 2018 00:00:00 +0000</pubDate>
      <author>mislav.sagovac@contentio.biz (Mislav Sagovac)</author>
      <guid>http://croecon.contentio.biz/post/izvoz-i-uvoz-su-visokokoncentrirane-aktivnosti/</guid>
      <description>## Warning in .local(conn, statement, ...): Decimal MySQL column 28 imported## as numericFokus literature iz područja međunarodne razmjene u posljednjih 20-ak godina prešao je s analize makroekonomskih agregatnih tokova roba i usluga na analizu obilježja međunarodne razmjene nefinancijskih poduzeća. Mikroekonomska analiza međunarodne trgovine naglašava važnost stupnja participacije poduzeća u međunarodnoj razmjeni,a rezultati nedvojbeno pokazuju da postoji vrlo mali broj uvoznih i izvoznih firmi među proizvodnim poduzećima, kako u razvijenim, tako i u nerazvijenim zemljama.</description>
    </item>
    
    <item>
      <title>Digitalna ekonomija  u Hrvatskoj</title>
      <link>http://croecon.contentio.biz/post/digitalna-ekonomija-u-hrvatskoj/</link>
      <pubDate>Mon, 03 Dec 2018 00:00:00 +0000</pubDate>
      <author>mislav.sagovac@contentio.biz (Mislav Sagovac)</author>
      <guid>http://croecon.contentio.biz/post/digitalna-ekonomija-u-hrvatskoj/</guid>
      <description>Digitalne tehnologije omogućavaju smanjenje troškova pohrane, obrade i prijenosa podataka i zbog toga imaju snažan transformacijski utjecaj na mikro- i makro- ekonomske trendove i strukturu. Obzirom da strukturu troškova u digitalnoj ekonomiji karakterizira pad čitavog niza standardnih troškova sa kojima se suočavaju tradicionalni sektori, poslovne inicijative za poduzeća iz digitalne ekonomije naglašeno idu u smjeru razvoja tehnologije u širem smislu kao krajnjeg proizvoda. Takva tehnološka intenzivnost bi se očekivano trebala odraziti u povećanju ukupnih tehnoloških kapaciteta i produktivnosti gospodarstva.</description>
    </item>
    
    <item>
      <title>Zašto pad cijene Bitcoina nije iznenađenje?</title>
      <link>http://croecon.contentio.biz/post/za-to-pad-cijene-bitcoina-nije-iznena-enje/</link>
      <pubDate>Tue, 27 Nov 2018 00:00:00 +0000</pubDate>
      <author>mislav.sagovac@contentio.biz (Mislav Sagovac)</author>
      <guid>http://croecon.contentio.biz/post/za-to-pad-cijene-bitcoina-nije-iznena-enje/</guid>
      <description>Bitcoin je u posljednjih nekoliko tjedana izgubio veliki dio vrijednosti. Cijena je pala s otprilike 6.500\$ na 3.700\$, što je pad od otprilike 40%. Međutim ovakva kretanja su samo dio duljeg trenda pada cijene Bitcoina (u prosincu 2017 cijena je dosegla 19.500$). U ovom postu objašnjavam zašto se ovakav pad mogao predvidjeti i zašto možemo očekivati daljnji pad cijene Bitcoina. Post je orijentiran na ekonomski aspekt analize, odnosno na pregled kritike Bitcoina kao kriptovalute iznesenih od strane brojnih poznatih ekonomista.</description>
    </item>
    
    <item>
      <title>3 mjere za prevladavanje problema blokiranih građana</title>
      <link>http://croecon.contentio.biz/post/3-mjere-za-prevladavanje-problema-blokiranih-gra-ana/</link>
      <pubDate>Mon, 26 Mar 2018 00:00:00 +0000</pubDate>
      <author>mislav.sagovac@contentio.biz (Mislav Sagovac)</author>
      <guid>http://croecon.contentio.biz/post/3-mjere-za-prevladavanje-problema-blokiranih-gra-ana/</guid>
      <description>Vlada trenutno priprema novi ovršni Zakon i skup mjera koji bi trebao pomoći građanima s blokiranim računima. Gotovo svi, od političkih stranaka, do raznih udruga, daju svoje prijedloge za prevladavanje problema blokiranih. Jedni tvrde da ne treba pokretati ovrhe kod kojih je glavnica manja od 2.700 kn. Drugi smatraju da bi cijeli ovršni postupak trebalo vratiti sudovima. Sudac Kolakušić smatra da bi svaka strana trebala snositi svoj trošak u ovršnom postupku.</description>
    </item>
    
    <item>
      <title>Dodana nova vrijednost hrvatskih poslovnih subjekata - koliko pripada radnicima, a koliko poduzetnicima?</title>
      <link>http://croecon.contentio.biz/post/dodana-nova-vrijednost-hrvatskih-poslovnih-subjekata/</link>
      <pubDate>Wed, 21 Mar 2018 00:00:00 +0000</pubDate>
      <author>mislav.sagovac@contentio.biz (Mislav Sagovac)</author>
      <guid>http://croecon.contentio.biz/post/dodana-nova-vrijednost-hrvatskih-poslovnih-subjekata/</guid>
      <description>Bruto domaći proizvod (BDP) je jedna od tri ključne makroekonomske varijable (uz inflaciju i nezaposlenost) a definira se kao „tržišna vrijednost proizvoda i usluga proizvedenih u određenom vremenskom razdoblju“. Općepoznato je da postoje tri pristupa u mjerenju BDP-a: proizvodni pristup, dohodovni pristup i pristup izdataka (potrošnje). Prema dohodovnoj metodi, BDP je jednak zbroju svih dohodaka u nekom razdoblju: plaća, profita, kamata, renti i ostalih dohodaka. Prema pristupu izdataka, BDP je jednak zbroju finalne upotrebe proizvoda i usluga, odnosno zbroju potrošnje, investicija, državne potrošnje i neto izvoza.</description>
    </item>
    
    <item>
      <title>Preporuke i savjeti za početnike u podatkovnoj znanosti</title>
      <link>http://croecon.contentio.biz/post/preporuke-i-savjeti-za-po-etnike-u-podatkovnoj-znanosti/</link>
      <pubDate>Wed, 21 Mar 2018 00:00:00 +0000</pubDate>
      <author>mislav.sagovac@contentio.biz (Mislav Sagovac)</author>
      <guid>http://croecon.contentio.biz/post/preporuke-i-savjeti-za-po-etnike-u-podatkovnoj-znanosti/</guid>
      <description>Primio sam poruku u kojoj me osoba zamolila za savjet o educiranju na polju podatkovne znanosti. Kao odgovor odlučio sam napisati post o tome, kako bi i drugi čitatelji mogli imati koristi od iznesenih prijedloga. Prvo bih želio naglasiti da osobno nisam stručnjak za navedeno područje, ali posljednjih 4-5 godina radim poslove koji po sadržaju pripadaju podatkovnoj znanosti. Prošao sam dosta online predavanja i pročitao više knjiga, pa bih htio podijeliti svoja iskustva sa drugima koji žele započeti raditi u navedenom području.</description>
    </item>
    
    <item>
      <title>Što objašnjava pad broja nezaposlenih u RH?</title>
      <link>http://croecon.contentio.biz/post/to-objasnjava-pad-broja-nezaposlenih-u-rh/</link>
      <pubDate>Tue, 13 Mar 2018 00:00:00 +0000</pubDate>
      <author>mislav.sagovac@contentio.biz (Mislav Sagovac)</author>
      <guid>http://croecon.contentio.biz/post/to-objasnjava-pad-broja-nezaposlenih-u-rh/</guid>
      <description>Ovaj post se nastavlja na prethodnu analizu tržišta rada u RH, u kojoj je prikazana dinamika broja zaposlenih i struktura zaposlenih u RH, te je posebno analizirana struktura prema kriteriju vrste osiguranja i spola. Također je implementirana mogućnost izbora prostorne jedinice promatranja (županije i gradovi/općine). U ovom postu se ukratko prikazuju podaci o broju nezaposlenih i stopi nezaposlenosti, prikupljeni sa stranica HZZ-a. Podaci su dostupni na CroEcon aplikaciji, kojoj se može pristupiti klikom na poveznicu.</description>
    </item>
    
    <item>
      <title>Povjerenstvo za analizu društveno-ekonomskih fenomena u RH</title>
      <link>http://croecon.contentio.biz/post/povjerenstvo-za-analizu-drustveno-ekonomskih-fenomena-u-rh/</link>
      <pubDate>Tue, 06 Mar 2018 00:00:00 +0000</pubDate>
      <author>mislav.sagovac@contentio.biz (Mislav Sagovac)</author>
      <guid>http://croecon.contentio.biz/post/povjerenstvo-za-analizu-drustveno-ekonomskih-fenomena-u-rh/</guid>
      <description>U Hrvatskoj postoji veliki jaz između akademskog potencijala i načina na koji se taj potencijal koristi. Pod akademskim potencijalom misli se na znanja, sposobnosti i vještine kojima raspolažu određeni doktorandi ili doktori znanosti u Hrvatskoj. Dodatni neiskorišteni potencijal je velika količina podataka koja se nalazi na serverima raznih institucija i agencija. Aktiviranje ova dva potencijala, kroz određenu političku odluku, može donijeti značajne koristi kako Vladi Republike Hrvatske, tako i akademskoj zajednici i društvu općenito.</description>
    </item>
    
    <item>
      <title>Strukturirani podaci o zaposlenosti HZMO-a</title>
      <link>http://croecon.contentio.biz/post/strukturirani-podaci-o-zaposlenosti-hzmo-a/</link>
      <pubDate>Sun, 04 Mar 2018 00:00:00 +0000</pubDate>
      <author>mislav.sagovac@contentio.biz (Mislav Sagovac)</author>
      <guid>http://croecon.contentio.biz/post/strukturirani-podaci-o-zaposlenosti-hzmo-a/</guid>
      <description>U prošlom postu je pomoću programskog jezika R i paketa Shiny izrađena interaktivna analiza životnog standarda u RH i članicama EU. U ovom postu će se makro podaci nadopuniti podacima o zaposlenosti jer oni, uz gospodarski rast, najvjernije odražavaju stanje neke ekonomije. Kao i u prošlom postu, cilj nije pružiti detaljnu analizu zaposlenosti, već prezentirati opće trendove i omogućiti ostalim čitateljima korištenje podataka za svoje vlastite analize.
Podaci o zaposlenosti najčešće su vjerodostojniji pokazatelj kretanja na tržištu rada od podataka o nezaposlenosti.</description>
    </item>
    
    <item>
      <title>CroEcon - differentia specifica</title>
      <link>http://croecon.contentio.biz/post/croecon-differentia-specifica/</link>
      <pubDate>Sat, 03 Mar 2018 00:00:00 +0000</pubDate>
      <author>mislav.sagovac@contentio.biz (Mislav Sagovac)</author>
      <guid>http://croecon.contentio.biz/post/croecon-differentia-specifica/</guid>
      <description>U blogosferi i općenito na internetu se može pronaći mnoštvo analiza o ekonomskim kretanjima u Hrvatskoj i svijetu. Bez obzira na kvalitetu analize, s vremenom podaci i teme kojima se tekst bavi postaju zastarjeli pa se javlja potreba za osvježavanjem postova o istom fenomenu. Dodatno, čitatelj često mora imati određeni stupanj povjerenja da su svi podaci (grafovi, analize) prezentirani u tekstu točni i vjerodostojni.
Kako bi prevladali navedeni problemi, u blogu će se koristiti novi pristup.</description>
    </item>
    
    <item>
      <title>Uvodni post</title>
      <link>http://croecon.contentio.biz/post/uvodni-post/</link>
      <pubDate>Sat, 03 Mar 2018 00:00:00 +0000</pubDate>
      <author>mislav.sagovac@contentio.biz (Mislav Sagovac)</author>
      <guid>http://croecon.contentio.biz/post/uvodni-post/</guid>
      <description>Dobrodošli na CroEcon, web stranicu o ekonomskim kretanjima u RH. U prvom postu će se odgovoriti na neka opća pitanja o blogu i temama koje će se analizirati.
Što je CroEcon?CroEcon je skraćenica of Croatian Economy. U blogu će se primarno analizirati stanje i trendovi u domaćem gospodarstvu. Pri tome će se iznesena razmatranja nastojati potkrijepiti realnim podatcima i empirijskom analizom te omogućiti čitatelju dinamičnu interakciju sa tekstom gdje god je to moguće.</description>
    </item>
    
    <item>
      <title>Newsletter</title>
      <link>http://croecon.contentio.biz/page/subscribe/</link>
      <pubDate>Mon, 01 Jan 0001 00:00:00 +0000</pubDate>
      <author>mislav.sagovac@contentio.biz (Mislav Sagovac)</author>
      <guid>http://croecon.contentio.biz/page/subscribe/</guid>
      <description>Hvala Vam što čitate naš blog!
Preplatite se na naš email newsletter ili na RSS feed</description>
    </item>
    
    <item>
      <title>O blogu</title>
      <link>http://croecon.contentio.biz/page/about/</link>
      <pubDate>Mon, 01 Jan 0001 00:00:00 +0000</pubDate>
      <author>mislav.sagovac@contentio.biz (Mislav Sagovac)</author>
      <guid>http://croecon.contentio.biz/page/about/</guid>
      <description>Dobrodošli na Croecon, blog o data scienc-u i hrvatskoj ekonomiji. Cilj bloga je pružiti što više podataka i statističkih uvida o stanju i položaju hrvatske ekonomije. U blogu se piše i o primjeni data science alata općenito.
Autori koji pišu na blogu su: Mislav Šagovac, Luka Šikić.</description>
    </item>
    
  </channel>
</rss>