<?xml version="1.0" encoding="utf-8" standalone="yes" ?>
<rss version="2.0" xmlns:atom="http://www.w3.org/2005/Atom">
  <channel>
    <title>R on CroEcon</title>
    <link>http://croecon.contentio.biz/tags/r/</link>
    <description>Recent content in R on CroEcon</description>
    <generator>Hugo -- gohugo.io</generator>
    <managingEditor>mislav.sagovac@contentio.biz (Mislav Sagovac)</managingEditor>
    <webMaster>mislav.sagovac@contentio.biz (Mislav Sagovac)</webMaster>
    <lastBuildDate>Thu, 11 Apr 2019 00:00:00 +0000</lastBuildDate>
    
	<atom:link href="http://croecon.contentio.biz/tags/r/index.xml" rel="self" type="application/rss+xml" />
    
    
    <item>
      <title>Neiskorišteni potencijalni analize teksta u RH</title>
      <link>http://croecon.contentio.biz/post/neiskori-teni-potencijalni-analize-teksta-u-rh/</link>
      <pubDate>Thu, 11 Apr 2019 00:00:00 +0000</pubDate>
      <author>mislav.sagovac@contentio.biz (Mislav Sagovac)</author>
      <guid>http://croecon.contentio.biz/post/neiskori-teni-potencijalni-analize-teksta-u-rh/</guid>
      <description>Nedavno sam razgovarao s kolegom s Ekonomskog fakulteta o mogućem utjecaju velikih količina podataka na (makro)ekonomiju. U razgovoru smo se dotakli jednog praktičnog primjera o korištenju javno dostupnih, nestrukturiranih, relativno velikih podataka u makroekonomskim istraživanjima. Riječ je o tekstovima koji se nalaze na webu. Dok se podaci statističkih zavoda uglavnom nalaze u strukturiranoj formi, za analizu tekstova dostupnih na webu potrebno je uložiti određeni napor da bi se podatci preuzeli i uredili za statističku ili neku drugu analizu.</description>
    </item>
    
    <item>
      <title>Predviđanje cijene dionica pomoću modela dubokog učenja</title>
      <link>http://croecon.contentio.biz/post/predvi-anje-cijene-dionica-uz-pomo-u-modela-dubokog-u-enja/</link>
      <pubDate>Wed, 20 Mar 2019 00:00:00 +0000</pubDate>
      <author>mislav.sagovac@contentio.biz (Mislav Sagovac)</author>
      <guid>http://croecon.contentio.biz/post/predvi-anje-cijene-dionica-uz-pomo-u-modela-dubokog-u-enja/</guid>
      <description>Prošli tjedan sam započeo novi hobistički projekt. Riječ je o analizi dionica u Hrvatskoj i susjednim zemljama. Konačan broj zemalja koji će biti uključen u analizu ovisit će politici otvorenosti podataka pojedinih burzi. Projekt ću kontinuirano prezentirati na ovom blogu, na novoj Shiny aplikaciji koju ću razvijati isključivo za ovu svrhu i Github repozitoriju, odnosno R paketu koji će sadržavati sve ključne funkcije važne za projekt. Cilj je više edukativni: primjenom statističkih modela za predikciju cijena dionica upoznati sebe, ali i zainteresirane čitatelje sa klasičnim i state of the art modelima za predikciju vremenskih serija (cijena dionice).</description>
    </item>
    
    <item>
      <title>Znanstveni lab u CroEcon aplikaciji - brza i jednostavna ekonometrijska analiza</title>
      <link>http://croecon.contentio.biz/post/znanstveni-lab-u-croecon-apliakciji-najbr-i-i-najlak-i-ekonometrijski-testovi/</link>
      <pubDate>Tue, 12 Mar 2019 00:00:00 +0000</pubDate>
      <author>mislav.sagovac@contentio.biz (Mislav Sagovac)</author>
      <guid>http://croecon.contentio.biz/post/znanstveni-lab-u-croecon-apliakciji-najbr-i-i-najlak-i-ekonometrijski-testovi/</guid>
      <description>Ako Vas netko upita: što objašnjava rast/pad varijable y nefinancijskih poduzeća u Republici Hrvatskoj, pri čemu y može biti izvoz, uvoz, prihodi, dobit i td, što biste odgovorili? Vjerojatno bi se pokušavali sjetiti nekog nedavnog istraživanja koje ste čitali, a koje se bavi izučavanjem varijable y ili bi pokušali odgovoriti intuitivno, prvoloptaški (npr. visoki nameti). Čak i kada biste imali kratko vrijeme na raspolaganju teško bi uspjeli brzo prikupiti podatke, i napraviti jednostavan model (graf, ekonometrijski model), koji bi Vam pomogao u odgovoru na pitanje.</description>
    </item>
    
    <item>
      <title>Kojem klubu pripada Hrvatska?</title>
      <link>http://croecon.contentio.biz/post/kojem-klubu-pripada-hrvatska/</link>
      <pubDate>Tue, 19 Feb 2019 00:00:00 +0000</pubDate>
      <author>mislav.sagovac@contentio.biz (Mislav Sagovac)</author>
      <guid>http://croecon.contentio.biz/post/kojem-klubu-pripada-hrvatska/</guid>
      <description>Imajući na umu manjak interesa za analizu konvergencije dohotka u Hrvatskoj, analizirao sam nekoliko jednostavnih grafikona koji opisuju proces smanjenja dohodovnih razlika Hrvatske i nekoliko (potencijalnih) konvergencijskih klubova. Također, nastojao sam utvrditi na koji se način ti rezultati uklapaju u literaturu o konvergenciji (post)tranzicijskih EU zemalja. Tema je dodatno aktualna u kontekstu očekivanog usporavanja domaće ekonomije jer ukazuje na mogući razvoj ekonomske krize. Rezultati analize ukazuju na to da u razdobljima ekonomskog rasta Hrvatska prati dinamiku rasta novih zemalja članica EU(NMS) dok obrazac kretanja dohotka u periodu krize ima više sličnosti s južnim EU zemljama (SEU).</description>
    </item>
    
    <item>
      <title>Hrvatska nakon sljedeće recesije</title>
      <link>http://croecon.contentio.biz/post/hrvatska-nakon-sljede-e-recesije/</link>
      <pubDate>Mon, 04 Feb 2019 00:00:00 +0000</pubDate>
      <author>mislav.sagovac@contentio.biz (Mislav Sagovac)</author>
      <guid>http://croecon.contentio.biz/post/hrvatska-nakon-sljede-e-recesije/</guid>
      <description>U posljednje vrijeme ekonomisti u međusobno neovisnim postovima i izjavama sve češće predviđaju novu recesiju. Hamilton i Chin analiziraju krivulju prinosa i Economic Policy Uncertainty Index (EPUI), te zaključuju da je recesija izgledna u 2019. Brad De Long također smatra da je recesija izvjesna, a moguće uzroke vidi u bijegu u sigurnu imovinu zbog nestabilnosti na tržištima kapitala. Larry Summers tvrdi da je recesija do 2020.</description>
    </item>
    
    <item>
      <title>Preporuke i savjeti za početnike u podatkovnoj znanosti</title>
      <link>http://croecon.contentio.biz/post/preporuke-i-savjeti-za-po-etnike-u-podatkovnoj-znanosti/</link>
      <pubDate>Wed, 21 Mar 2018 00:00:00 +0000</pubDate>
      <author>mislav.sagovac@contentio.biz (Mislav Sagovac)</author>
      <guid>http://croecon.contentio.biz/post/preporuke-i-savjeti-za-po-etnike-u-podatkovnoj-znanosti/</guid>
      <description>Primio sam poruku u kojoj me osoba zamolila za savjet o educiranju na polju podatkovne znanosti. Kao odgovor odlučio sam napisati post o tome, kako bi i drugi čitatelji mogli imati koristi od iznesenih prijedloga. Prvo bih želio naglasiti da osobno nisam stručnjak za navedeno područje, ali posljednjih 4-5 godina radim poslove koji po sadržaju pripadaju podatkovnoj znanosti. Prošao sam dosta online predavanja i pročitao više knjiga, pa bih htio podijeliti svoja iskustva sa drugima koji žele započeti raditi u navedenom području.</description>
    </item>
    
    <item>
      <title>CroEcon - differentia specifica</title>
      <link>http://croecon.contentio.biz/post/croecon-differentia-specifica/</link>
      <pubDate>Sat, 03 Mar 2018 00:00:00 +0000</pubDate>
      <author>mislav.sagovac@contentio.biz (Mislav Sagovac)</author>
      <guid>http://croecon.contentio.biz/post/croecon-differentia-specifica/</guid>
      <description>U blogosferi i općenito na internetu se može pronaći mnoštvo analiza o ekonomskim kretanjima u Hrvatskoj i svijetu. Bez obzira na kvalitetu analize, s vremenom podaci i teme kojima se tekst bavi postaju zastarjeli pa se javlja potreba za osvježavanjem postova o istom fenomenu. Dodatno, čitatelj često mora imati određeni stupanj povjerenja da su svi podaci (grafovi, analize) prezentirani u tekstu točni i vjerodostojni.
Kako bi prevladali navedeni problemi, u blogu će se koristiti novi pristup.</description>
    </item>
    
  </channel>
</rss>