<?xml version="1.0" encoding="utf-8" standalone="yes" ?>
<rss version="2.0" xmlns:atom="http://www.w3.org/2005/Atom">
  <channel>
    <title>Izvoz on CroEcon</title>
    <link>http://croecon.contentio.biz/tags/izvoz/</link>
    <description>Recent content in Izvoz on CroEcon</description>
    <generator>Hugo -- gohugo.io</generator>
    <managingEditor>mislav.sagovac@contentio.biz (Mislav Sagovac)</managingEditor>
    <webMaster>mislav.sagovac@contentio.biz (Mislav Sagovac)</webMaster>
    <lastBuildDate>Tue, 19 Mar 2019 00:00:00 +0000</lastBuildDate>
    
	<atom:link href="http://croecon.contentio.biz/tags/izvoz/index.xml" rel="self" type="application/rss+xml" />
    
    
    <item>
      <title>Izravna strana ulaganja:pozitivni efekti koji mogu biti i veći!</title>
      <link>http://croecon.contentio.biz/post/izravna-strana-ulaganja-pozitivni-efekti-koji-mogu-biti-i-ve-i/</link>
      <pubDate>Tue, 19 Mar 2019 00:00:00 +0000</pubDate>
      <author>mislav.sagovac@contentio.biz (Mislav Sagovac)</author>
      <guid>http://croecon.contentio.biz/post/izravna-strana-ulaganja-pozitivni-efekti-koji-mogu-biti-i-ve-i/</guid>
      <description>Izravna strana ulaganja (FDI) prije 10-ak godina bila su iznimno važna ekonomska tema. Razlog tome zasigurno je bio u intenzitetu globalizacije i internacionalizacije poslovanja koji su tada bili ključni ekonomski trendovi. Suvremena ekonomska teorija predviđa pozitivan efekt izravnih stranih ulaganja (FDI) na niz ekonomskih pokazatelja i razvoj općenito. Izravna strana ulaganja očekivano bi trebala donositi korist domaćim i stranim tvrtkama ali i cjelokupnom gospodarstvu. Teorija predviđa snažnije efekte u zemljama ispod tehnološke granice kao i zemljama u procesu smanjenja razvojnog jaza.</description>
    </item>
    
    <item>
      <title>Izvoznici i uvoznici su najčešće iste tvrtke</title>
      <link>http://croecon.contentio.biz/post/izvoznici-i-uvoznici-su-naj-e-e-iste-tvrtke/</link>
      <pubDate>Sun, 09 Dec 2018 00:00:00 +0000</pubDate>
      <author>mislav.sagovac@contentio.biz (Mislav Sagovac)</author>
      <guid>http://croecon.contentio.biz/post/izvoznici-i-uvoznici-su-naj-e-e-iste-tvrtke/</guid>
      <description>## Warning in .local(conn, statement, ...): Decimal MySQL column 28 imported## as numericU prošlom postu sam analizirao koncentriranost uvozne i izvozne aktivnosti u RH. Većina izvozne i uvozne aktivnosti odnosi se na mali postotak velikih poduzeća. Primjerice 1% najvećih izvoznika čini 87.8% ukupnog izvoza, a 20 najvećih uvoznika čini čak 25% ukupnog uvoza nefinancijskih poduzeća. Na temelju pregleda podataka o međunarodnoj razmjeni uočava se kako su veliki izvoznici u pravilu i veliki uvoznici.</description>
    </item>
    
    <item>
      <title>Koncentriranost izvoza i uvoza u RH</title>
      <link>http://croecon.contentio.biz/post/izvoz-i-uvoz-su-visokokoncentrirane-aktivnosti/</link>
      <pubDate>Thu, 06 Dec 2018 00:00:00 +0000</pubDate>
      <author>mislav.sagovac@contentio.biz (Mislav Sagovac)</author>
      <guid>http://croecon.contentio.biz/post/izvoz-i-uvoz-su-visokokoncentrirane-aktivnosti/</guid>
      <description>## Warning in .local(conn, statement, ...): Decimal MySQL column 28 imported## as numericFokus literature iz područja međunarodne razmjene u posljednjih 20-ak godina prešao je s analize makroekonomskih agregatnih tokova roba i usluga na analizu obilježja međunarodne razmjene nefinancijskih poduzeća. Mikroekonomska analiza međunarodne trgovine naglašava važnost stupnja participacije poduzeća u međunarodnoj razmjeni,a rezultati nedvojbeno pokazuju da postoji vrlo mali broj uvoznih i izvoznih firmi među proizvodnim poduzećima, kako u razvijenim, tako i u nerazvijenim zemljama.</description>
    </item>
    
  </channel>
</rss>