<?xml version="1.0" encoding="utf-8" standalone="yes" ?>
<rss version="2.0" xmlns:atom="http://www.w3.org/2005/Atom">
  <channel>
    <title>R on CroEcon</title>
    <link>http://croecon.contentio.biz/categories/r/</link>
    <description>Recent content in R on CroEcon</description>
    <generator>Hugo -- gohugo.io</generator>
    <managingEditor>mislav.sagovac@contentio.biz (Mislav Sagovac)</managingEditor>
    <webMaster>mislav.sagovac@contentio.biz (Mislav Sagovac)</webMaster>
    <lastBuildDate>Thu, 05 Sep 2019 00:00:00 +0000</lastBuildDate>
    
	<atom:link href="http://croecon.contentio.biz/categories/r/index.xml" rel="self" type="application/rss+xml" />
    
    
    <item>
      <title>Primjena AutoML modela za predikciju cijena dionica</title>
      <link>http://croecon.contentio.biz/post/primjena-automl-modela-za-predikciju-cijena-dionica/</link>
      <pubDate>Thu, 05 Sep 2019 00:00:00 +0000</pubDate>
      <author>mislav.sagovac@contentio.biz (Mislav Sagovac)</author>
      <guid>http://croecon.contentio.biz/post/primjena-automl-modela-za-predikciju-cijena-dionica/</guid>
      <description>Prije pola godine sam napisao post o primjeni modela dubokog učenja na predikciju cijene dionice tehnike (THNK). U ovom postu ću primijeniti drugi, u posljednje vrijeme vrlo popularni pristup za predikciju općenito: automatsko strojno učenje (dalje AutoML). AutoML podrazumijeva primjenu skupa različitih vrsta modela strojnog učenja te izbor najboljeg modela ovisno o izabranoj loss funkciji. AumoML najčešće ne zahtijeva znanje o programiranju i razvoju modela. Potrebno je samo pripremiti podatke za analizu (učitavanje podatka, bavljenje sa nedostajućim vrijednostima i slično), te promijeniti AutoML funkciju na čistu matricu podatka.</description>
    </item>
    
    <item>
      <title>Prikupljanje e-malova sa velikog broja web stranica</title>
      <link>http://croecon.contentio.biz/post/prikupljanje-e-malova-sa-velikog-broja-web-stranica/</link>
      <pubDate>Thu, 01 Aug 2019 00:00:00 +0000</pubDate>
      <author>mislav.sagovac@contentio.biz (Mislav Sagovac)</author>
      <guid>http://croecon.contentio.biz/post/prikupljanje-e-malova-sa-velikog-broja-web-stranica/</guid>
      <description>U predzadnjem postu sam prikazao kako preuzeti e-mail adrese sadržane unutar slike (.img) sa web stranice. Međutim, mnogo češće se email-ovi nalaze unutar &amp;lt;a&amp;gt; html taga ili kao čisti tekst. U ovom postu ću prikazati kako preuzeti e-mail adrese sa web stranica u tom slučaju. Post može biti zanimljiv svima koje žele raditi ciljane e-mail kampanje programski i tako zaobići ručno preuzimanje podataka sa web stranica.
Nedavno sam htio preuzeti e-mail adrese leasing kuća u Hrvatskoj.</description>
    </item>
    
    <item>
      <title>Kako preuzeti e-mailove sa web stranice pomoću R-a?</title>
      <link>http://croecon.contentio.biz/post/kako-preuzeti-e-mailove-sa-web-stranice-pomo-u-r-a/</link>
      <pubDate>Thu, 25 Jul 2019 00:00:00 +0000</pubDate>
      <author>mislav.sagovac@contentio.biz (Mislav Sagovac)</author>
      <guid>http://croecon.contentio.biz/post/kako-preuzeti-e-mailove-sa-web-stranice-pomo-u-r-a/</guid>
      <description>Mali poduzetnici do novih potencijalnih klijenta dolaze na četiri glavna načina: poštom, e-mailom, hladnim pozivom ili preporukom. Iako postoji cijela teorija marketinga o tome kako doći do novih klijenata, prvi kontakt se u većini slučajeva temelji na ove 4 jednostavne tehnike (barem kada je riječ o B2B prodaji). U ovom postu ću pokazati kako se pomoću programskog jezika R može relativno jednostavno prikupiti javno dostupne e-mail adrese sa određene stranice.</description>
    </item>
    
    <item>
      <title>Predviđanje cijene dionica pomoću modela dubokog učenja</title>
      <link>http://croecon.contentio.biz/post/predvi-anje-cijene-dionica-uz-pomo-u-modela-dubokog-u-enja/</link>
      <pubDate>Wed, 20 Mar 2019 00:00:00 +0000</pubDate>
      <author>mislav.sagovac@contentio.biz (Mislav Sagovac)</author>
      <guid>http://croecon.contentio.biz/post/predvi-anje-cijene-dionica-uz-pomo-u-modela-dubokog-u-enja/</guid>
      <description>Prošli tjedan sam započeo novi hobistički projekt. Riječ je o analizi dionica u Hrvatskoj i susjednim zemljama. Konačan broj zemalja koji će biti uključen u analizu ovisit će politici otvorenosti podataka pojedinih burzi. Projekt ću kontinuirano prezentirati na ovom blogu, na novoj Shiny aplikaciji koju ću razvijati isključivo za ovu svrhu i Github repozitoriju, odnosno R paketu koji će sadržavati sve ključne funkcije važne za projekt. Cilj je više edukativni: primjenom statističkih modela za predikciju cijena dionica upoznati sebe, ali i zainteresirane čitatelje sa klasičnim i state of the art modelima za predikciju vremenskih serija (cijena dionice).</description>
    </item>
    
    <item>
      <title>Znanstveni lab u CroEcon aplikaciji - brza i jednostavna ekonometrijska analiza</title>
      <link>http://croecon.contentio.biz/post/znanstveni-lab-u-croecon-apliakciji-najbr-i-i-najlak-i-ekonometrijski-testovi/</link>
      <pubDate>Tue, 12 Mar 2019 00:00:00 +0000</pubDate>
      <author>mislav.sagovac@contentio.biz (Mislav Sagovac)</author>
      <guid>http://croecon.contentio.biz/post/znanstveni-lab-u-croecon-apliakciji-najbr-i-i-najlak-i-ekonometrijski-testovi/</guid>
      <description>Ako Vas netko upita: što objašnjava rast/pad varijable y nefinancijskih poduzeća u Republici Hrvatskoj, pri čemu y može biti izvoz, uvoz, prihodi, dobit i td, što biste odgovorili? Vjerojatno bi se pokušavali sjetiti nekog nedavnog istraživanja koje ste čitali, a koje se bavi izučavanjem varijable y ili bi pokušali odgovoriti intuitivno, prvoloptaški (npr. visoki nameti). Čak i kada biste imali kratko vrijeme na raspolaganju teško bi uspjeli brzo prikupiti podatke, i napraviti jednostavan model (graf, ekonometrijski model), koji bi Vam pomogao u odgovoru na pitanje.</description>
    </item>
    
    <item>
      <title>QuantEcon projekt ili kako napraviti *cutting edge* kolegij</title>
      <link>http://croecon.contentio.biz/post/quantecon-projekt-ili-kako-napraviti-cutting-edge-kolegij/</link>
      <pubDate>Wed, 20 Feb 2019 00:00:00 +0000</pubDate>
      <author>mislav.sagovac@contentio.biz (Mislav Sagovac)</author>
      <guid>http://croecon.contentio.biz/post/quantecon-projekt-ili-kako-napraviti-cutting-edge-kolegij/</guid>
      <description>U ovom postu želim podijeliti svoje oduševljenje sa online platformom za podučavanje kvantitativne makroekonomiju te prikazati kako se pripadajući programski kodovi (modeli), pisani u Pythonu, mogu implementirati u programskom jeziku R. Riječ je o stranici Quantitative macroeconomics, čiji su autori T. Sargent i J. Stachurski. Stranica me nije oduševila zbog vrste kolegija na koji se odnosi (kvantitativna makroekonomija), već zbog upotrebe modernih alata u podučavanju tehnički zahtjevnog i kompleksnog područja.</description>
    </item>
    
    <item>
      <title>Kojem klubu pripada Hrvatska?</title>
      <link>http://croecon.contentio.biz/post/kojem-klubu-pripada-hrvatska/</link>
      <pubDate>Tue, 19 Feb 2019 00:00:00 +0000</pubDate>
      <author>mislav.sagovac@contentio.biz (Mislav Sagovac)</author>
      <guid>http://croecon.contentio.biz/post/kojem-klubu-pripada-hrvatska/</guid>
      <description>Imajući na umu manjak interesa za analizu konvergencije dohotka u Hrvatskoj, analizirao sam nekoliko jednostavnih grafikona koji opisuju proces smanjenja dohodovnih razlika Hrvatske i nekoliko (potencijalnih) konvergencijskih klubova. Također, nastojao sam utvrditi na koji se način ti rezultati uklapaju u literaturu o konvergenciji (post)tranzicijskih EU zemalja. Tema je dodatno aktualna u kontekstu očekivanog usporavanja domaće ekonomije jer ukazuje na mogući razvoj ekonomske krize. Rezultati analize ukazuju na to da u razdobljima ekonomskog rasta Hrvatska prati dinamiku rasta novih zemalja članica EU(NMS) dok obrazac kretanja dohotka u periodu krize ima više sličnosti s južnim EU zemljama (SEU).</description>
    </item>
    
    <item>
      <title>Hrvatska nakon sljedeće recesije</title>
      <link>http://croecon.contentio.biz/post/hrvatska-nakon-sljede-e-recesije/</link>
      <pubDate>Mon, 04 Feb 2019 00:00:00 +0000</pubDate>
      <author>mislav.sagovac@contentio.biz (Mislav Sagovac)</author>
      <guid>http://croecon.contentio.biz/post/hrvatska-nakon-sljede-e-recesije/</guid>
      <description>U posljednje vrijeme ekonomisti u međusobno neovisnim postovima i izjavama sve češće predviđaju novu recesiju. Hamilton i Chin analiziraju krivulju prinosa i Economic Policy Uncertainty Index (EPUI), te zaključuju da je recesija izgledna u 2019. Brad De Long također smatra da je recesija izvjesna, a moguće uzroke vidi u bijegu u sigurnu imovinu zbog nestabilnosti na tržištima kapitala. Larry Summers tvrdi da je recesija do 2020.</description>
    </item>
    
    <item>
      <title>Koncentriranost izvoza i uvoza u RH</title>
      <link>http://croecon.contentio.biz/post/izvoz-i-uvoz-su-visokokoncentrirane-aktivnosti/</link>
      <pubDate>Thu, 06 Dec 2018 00:00:00 +0000</pubDate>
      <author>mislav.sagovac@contentio.biz (Mislav Sagovac)</author>
      <guid>http://croecon.contentio.biz/post/izvoz-i-uvoz-su-visokokoncentrirane-aktivnosti/</guid>
      <description>## Warning in .local(conn, statement, ...): Decimal MySQL column 28 imported## as numericFokus literature iz područja međunarodne razmjene u posljednjih 20-ak godina prešao je s analize makroekonomskih agregatnih tokova roba i usluga na analizu obilježja međunarodne razmjene nefinancijskih poduzeća. Mikroekonomska analiza međunarodne trgovine naglašava važnost stupnja participacije poduzeća u međunarodnoj razmjeni,a rezultati nedvojbeno pokazuju da postoji vrlo mali broj uvoznih i izvoznih firmi među proizvodnim poduzećima, kako u razvijenim, tako i u nerazvijenim zemljama.</description>
    </item>
    
    <item>
      <title>Preporuke i savjeti za početnike u podatkovnoj znanosti</title>
      <link>http://croecon.contentio.biz/post/preporuke-i-savjeti-za-po-etnike-u-podatkovnoj-znanosti/</link>
      <pubDate>Wed, 21 Mar 2018 00:00:00 +0000</pubDate>
      <author>mislav.sagovac@contentio.biz (Mislav Sagovac)</author>
      <guid>http://croecon.contentio.biz/post/preporuke-i-savjeti-za-po-etnike-u-podatkovnoj-znanosti/</guid>
      <description>Primio sam poruku u kojoj me osoba zamolila za savjet o educiranju na polju podatkovne znanosti. Kao odgovor odlučio sam napisati post o tome, kako bi i drugi čitatelji mogli imati koristi od iznesenih prijedloga. Prvo bih želio naglasiti da osobno nisam stručnjak za navedeno područje, ali posljednjih 4-5 godina radim poslove koji po sadržaju pripadaju podatkovnoj znanosti. Prošao sam dosta online predavanja i pročitao više knjiga, pa bih htio podijeliti svoja iskustva sa drugima koji žele započeti raditi u navedenom području.</description>
    </item>
    
    <item>
      <title>Strukturirani podaci o zaposlenosti HZMO-a</title>
      <link>http://croecon.contentio.biz/post/strukturirani-podaci-o-zaposlenosti-hzmo-a/</link>
      <pubDate>Sun, 04 Mar 2018 00:00:00 +0000</pubDate>
      <author>mislav.sagovac@contentio.biz (Mislav Sagovac)</author>
      <guid>http://croecon.contentio.biz/post/strukturirani-podaci-o-zaposlenosti-hzmo-a/</guid>
      <description>U prošlom postu je pomoću programskog jezika R i paketa Shiny izrađena interaktivna analiza životnog standarda u RH i članicama EU. U ovom postu će se makro podaci nadopuniti podacima o zaposlenosti jer oni, uz gospodarski rast, najvjernije odražavaju stanje neke ekonomije. Kao i u prošlom postu, cilj nije pružiti detaljnu analizu zaposlenosti, već prezentirati opće trendove i omogućiti ostalim čitateljima korištenje podataka za svoje vlastite analize.
Podaci o zaposlenosti najčešće su vjerodostojniji pokazatelj kretanja na tržištu rada od podataka o nezaposlenosti.</description>
    </item>
    
    <item>
      <title>CroEcon - differentia specifica</title>
      <link>http://croecon.contentio.biz/post/croecon-differentia-specifica/</link>
      <pubDate>Sat, 03 Mar 2018 00:00:00 +0000</pubDate>
      <author>mislav.sagovac@contentio.biz (Mislav Sagovac)</author>
      <guid>http://croecon.contentio.biz/post/croecon-differentia-specifica/</guid>
      <description>U blogosferi i općenito na internetu se može pronaći mnoštvo analiza o ekonomskim kretanjima u Hrvatskoj i svijetu. Bez obzira na kvalitetu analize, s vremenom podaci i teme kojima se tekst bavi postaju zastarjeli pa se javlja potreba za osvježavanjem postova o istom fenomenu. Dodatno, čitatelj često mora imati određeni stupanj povjerenja da su svi podaci (grafovi, analize) prezentirani u tekstu točni i vjerodostojni.
Kako bi prevladali navedeni problemi, u blogu će se koristiti novi pristup.</description>
    </item>
    
  </channel>
</rss>