<?xml version="1.0" encoding="utf-8" standalone="yes" ?>
<rss version="2.0" xmlns:atom="http://www.w3.org/2005/Atom">
  <channel>
    <title>Politička ekonomija on CroEcon</title>
    <link>http://croecon.contentio.biz/tags/politi%C4%8Dka-ekonomija/</link>
    <description>Recent content in Politička ekonomija on CroEcon</description>
    <generator>Hugo -- gohugo.io</generator>
    <managingEditor>mislav.sagovac@contentio.biz (Mislav Sagovac)</managingEditor>
    <webMaster>mislav.sagovac@contentio.biz (Mislav Sagovac)</webMaster>
    <lastBuildDate>Tue, 30 Jul 2019 00:00:00 +0000</lastBuildDate>
    
	<atom:link href="http://croecon.contentio.biz/tags/politi%C4%8Dka-ekonomija/index.xml" rel="self" type="application/rss+xml" />
    
    
    <item>
      <title>Analiza vijesti o predsjedničkim kandidatima</title>
      <link>http://croecon.contentio.biz/post/analiza-vijesti-o-predsjedni-kim-kandidatima/</link>
      <pubDate>Tue, 30 Jul 2019 00:00:00 +0000</pubDate>
      <author>mislav.sagovac@contentio.biz (Mislav Sagovac)</author>
      <guid>http://croecon.contentio.biz/post/analiza-vijesti-o-predsjedni-kim-kandidatima/</guid>
      <description>Pred kraj 2019. godine će se u Hrvatskoj održati sedmi predsjednički izbori, a neslužbena izborna kampanja već je započela. Iako se još ne zna tko točno sudjeluje u predsjedničkoj utrci, Ante Simonić, Dalija Orešković, Vlaho Orepić, Tomislav Panenić, Katarina Peović, Mislav Kolakušić, Miroslav Škoro, Ivan Pernar i Zoran Milanović se spominju u medijima kao kandidati. Pošto su svi Hrvatski predsjednici do sada, osim Ive Josipovića, zadržali predsjedničku poziciju u trajanju od dva mandata, za očekivati je da će se i aktualna predsjednica, uz statističku prednost, također uključiti u utrku.</description>
    </item>
    
    <item>
      <title>Zašto je smanjenje stope PDV-a na usluge restorana loša porezna mjera?</title>
      <link>http://croecon.contentio.biz/post/za-to-je-smanjenje-stope-pdv-a-na-usluge-restorana-lo-a-porezna-mjera/</link>
      <pubDate>Sun, 28 Jul 2019 00:00:00 +0000</pubDate>
      <author>mislav.sagovac@contentio.biz (Mislav Sagovac)</author>
      <guid>http://croecon.contentio.biz/post/za-to-je-smanjenje-stope-pdv-a-na-usluge-restorana-lo-a-porezna-mjera/</guid>
      <description>Vlada je najavila novi paket „poreznih reformi“. Jedna od značajnijih izmjena je uvođenje snižene stope PDV-a na „pripremu i dostavu hrane u ugostiteljskim objektima“ s 25% na 13%. Prema pisanju medija, ministar Marić je bio protiv ove mjere, ali je ona ipak donesena zbog snažnog lobija ministarstva turizma i ugostiteljskog ceha.
Prije razmatranja ove mjere valja podsjetiti na osnovne karakteristike sustava PDV-a u EU. Sve zemlje EU imaju osnovnu stopu PDV-a, koja, prema direktivama EU, ne bi trebala biti niža o d 15%.</description>
    </item>
    
    <item>
      <title>Dobar posao Financijske agencije sa GFI-ovima</title>
      <link>http://croecon.contentio.biz/post/dobar-posao-financijske-agencije-sa-gfi-ovima/</link>
      <pubDate>Wed, 10 Apr 2019 00:00:00 +0000</pubDate>
      <author>mislav.sagovac@contentio.biz (Mislav Sagovac)</author>
      <guid>http://croecon.contentio.biz/post/dobar-posao-financijske-agencije-sa-gfi-ovima/</guid>
      <description>Nedavno je na Indeks.hr obavljen tekst u kojem se iznosi čuđenje suosnivača poznate tvrtke Nanobit zbog dopisa koji je dobio od Financijske agencije (dalje FINA). Ukratko, Alan Sumina je, uz suvlasništvo u Nanobitu, i vlasnik druge tvrtke koja ne obavlja djelatnost (u mirovanju je), ali koja je dužna objavljivati financijske izvještaje. S obzirom da izvještaj nije predo, FINA je Sumini poslala „poziv“ da preda izvještaj i da će protiv njega biti pokrenuta tužba ukoliko ne se ne odazove pozivu.</description>
    </item>
    
    <item>
      <title>Povjerenstvo za analizu društveno-ekonomskih fenomena u RH</title>
      <link>http://croecon.contentio.biz/post/povjerenstvo-za-analizu-drustveno-ekonomskih-fenomena-u-rh/</link>
      <pubDate>Tue, 06 Mar 2018 00:00:00 +0000</pubDate>
      <author>mislav.sagovac@contentio.biz (Mislav Sagovac)</author>
      <guid>http://croecon.contentio.biz/post/povjerenstvo-za-analizu-drustveno-ekonomskih-fenomena-u-rh/</guid>
      <description>U Hrvatskoj postoji veliki jaz između akademskog potencijala i načina na koji se taj potencijal koristi. Pod akademskim potencijalom misli se na znanja, sposobnosti i vještine kojima raspolažu određeni doktorandi ili doktori znanosti u Hrvatskoj. Dodatni neiskorišteni potencijal je velika količina podataka koja se nalazi na serverima raznih institucija i agencija. Aktiviranje ova dva potencijala, kroz određenu političku odluku, može donijeti značajne koristi kako Vladi Republike Hrvatske, tako i akademskoj zajednici i društvu općenito.</description>
    </item>
    
  </channel>
</rss>