<?xml version="1.0" encoding="utf-8" standalone="yes" ?>
<rss version="2.0" xmlns:atom="http://www.w3.org/2005/Atom">
  <channel>
    <title>Bitcoin on CroEcon</title>
    <link>http://croecon.contentio.biz/tags/bitcoin/</link>
    <description>Recent content in Bitcoin on CroEcon</description>
    <generator>Hugo -- gohugo.io</generator>
    <managingEditor>mislav.sagovac@contentio.biz (Mislav Sagovac)</managingEditor>
    <webMaster>mislav.sagovac@contentio.biz (Mislav Sagovac)</webMaster>
    <lastBuildDate>Tue, 27 Nov 2018 00:00:00 +0000</lastBuildDate>
    
	<atom:link href="http://croecon.contentio.biz/tags/bitcoin/index.xml" rel="self" type="application/rss+xml" />
    
    
    <item>
      <title>Zašto pad cijene Bitcoina nije iznenađenje?</title>
      <link>http://croecon.contentio.biz/post/za-to-pad-cijene-bitcoina-nije-iznena-enje/</link>
      <pubDate>Tue, 27 Nov 2018 00:00:00 +0000</pubDate>
      <author>mislav.sagovac@contentio.biz (Mislav Sagovac)</author>
      <guid>http://croecon.contentio.biz/post/za-to-pad-cijene-bitcoina-nije-iznena-enje/</guid>
      <description>Bitcoin je u posljednjih nekoliko tjedana izgubio veliki dio vrijednosti. Cijena je pala s otprilike 6.500\$ na 3.700\$, što je pad od otprilike 40%. Međutim ovakva kretanja su samo dio duljeg trenda pada cijene Bitcoina (u prosincu 2017 cijena je dosegla 19.500$). U ovom postu objašnjavam zašto se ovakav pad mogao predvidjeti i zašto možemo očekivati daljnji pad cijene Bitcoina. Post je orijentiran na ekonomski aspekt analize, odnosno na pregled kritike Bitcoina kao kriptovalute iznesenih od strane brojnih poznatih ekonomista.</description>
    </item>
    
  </channel>
</rss>