<?xml version="1.0" encoding="utf-8" standalone="yes" ?>
<rss version="2.0" xmlns:atom="http://www.w3.org/2005/Atom">
  <channel>
    <title>Tržište rada on CroEcon</title>
    <link>http://croecon.contentio.biz/categories/tr%C5%BEi%C5%A1te-rada/</link>
    <description>Recent content in Tržište rada on CroEcon</description>
    <generator>Hugo -- gohugo.io</generator>
    <managingEditor>mislav.sagovac@contentio.biz (Mislav Sagovac)</managingEditor>
    <webMaster>mislav.sagovac@contentio.biz (Mislav Sagovac)</webMaster>
    <lastBuildDate>Thu, 09 May 2019 00:00:00 +0000</lastBuildDate>
    
	<atom:link href="http://croecon.contentio.biz/categories/tr%C5%BEi%C5%A1te-rada/index.xml" rel="self" type="application/rss+xml" />
    
    
    <item>
      <title>Razlozi za podržavanje sindikalne incijative</title>
      <link>http://croecon.contentio.biz/post/razlozi-za-podr-avanje-sindikalne-incijative/</link>
      <pubDate>Thu, 09 May 2019 00:00:00 +0000</pubDate>
      <author>mislav.sagovac@contentio.biz (Mislav Sagovac)</author>
      <guid>http://croecon.contentio.biz/post/razlozi-za-podr-avanje-sindikalne-incijative/</guid>
      <description>Sindikalna inicijativa “67 je previše” počela je nedavno prikupljati potpise za raspisivanje referenduma o izmjenama Zakona o mirovinskom osiguranju. Inicijativa kao glavni cilj želi spriječiti dizanje dobne granice za odlazak u punu mirovinu na 67 godina. U referendumsku inicijativu su uključene tri sindikalne središnjice, a osim smanjenja granice za odlazak u starosnu imovinu se traži uvođenje mogućnosti stjecanja prava na prijevremenu mirovinu sa 60 godina i da se penalizacija zbog prijevremene mirovine smanji s 0,3 na 0,2 posto.</description>
    </item>
    
    <item>
      <title>Dinamika i struktura zaposlenosti (RH, županije, gradovi)</title>
      <link>http://croecon.contentio.biz/post/dinamika-i-struktura-zaposlenosti-u-rh-i-po-upanijama/</link>
      <pubDate>Wed, 16 Jan 2019 00:00:00 +0000</pubDate>
      <author>mislav.sagovac@contentio.biz (Mislav Sagovac)</author>
      <guid>http://croecon.contentio.biz/post/dinamika-i-struktura-zaposlenosti-u-rh-i-po-upanijama/</guid>
      <description>U jednom od prijašnjih postova analizirao sam dinamiku zaposlenosti u RH. Rezultati analize su bili prezentirani na CroEcon aplikaciji. S obzirom da su podaci o zaposlenima javno dostupni na stranicama HZMO-a, odlučio sam prikupiti podatke o zaposlenima na mjesečnoj razini za razdoblje 2014-2018 na razini županija i gradova/općina. Na stranicama HZMO-a nisu dostupni podaci za ranije razdoblje. Podaci omogućuju i raščlanjivanje podataka s obzirom na tip osiguranja (postoji 7 tipova osiguranja) i spol.</description>
    </item>
    
  </channel>
</rss>