<?xml version="1.0" encoding="utf-8" standalone="yes" ?>
<rss version="2.0" xmlns:atom="http://www.w3.org/2005/Atom">
  <channel>
    <title>nefinancijska poduzeća on CroEcon</title>
    <link>http://croecon.contentio.biz/tags/nefinancijska-poduze%C4%87a/</link>
    <description>Recent content in nefinancijska poduzeća on CroEcon</description>
    <generator>Hugo -- gohugo.io</generator>
    <managingEditor>mislav.sagovac@contentio.biz (Mislav Sagovac)</managingEditor>
    <webMaster>mislav.sagovac@contentio.biz (Mislav Sagovac)</webMaster>
    <lastBuildDate>Thu, 24 Oct 2019 00:00:00 +0000</lastBuildDate>
    
	<atom:link href="http://croecon.contentio.biz/tags/nefinancijska-poduze%C4%87a/index.xml" rel="self" type="application/rss+xml" />
    
    
    <item>
      <title>Analiza investicija u RH u posljednjih 15 godina</title>
      <link>http://croecon.contentio.biz/post/analiza-investicija-u-rh-u-posljednjih-15-godina/</link>
      <pubDate>Thu, 24 Oct 2019 00:00:00 +0000</pubDate>
      <author>mislav.sagovac@contentio.biz (Mislav Sagovac)</author>
      <guid>http://croecon.contentio.biz/post/analiza-investicija-u-rh-u-posljednjih-15-godina/</guid>
      <description>Prošli tjedan sam u koautorstvu s prof. Ticom, za skup koje organizira Hrvatsko društvo ekonomista, napisao tekst o dinamici i strukturi investicija nefinancijskih poduzeća u RH. U ovom postu ću iznijeti neke zanimljive nalaze iz te analize. Analiza koristi podatke različite razine agregacije pa su osim uobičajenih makro podataka (Eurostat, HNB, DZS) u radu korišteni i mikro podaci iz GFI-ova što omogućuje dublji uvid o naravi investicija u dugom razdoblju (uzorak uključuje panel podatke za razdoblje od 2000.</description>
    </item>
    
    <item>
      <title>Zombie tvrtke</title>
      <link>http://croecon.contentio.biz/post/zombie-tvrtke/</link>
      <pubDate>Fri, 20 Sep 2019 00:00:00 +0000</pubDate>
      <author>mislav.sagovac@contentio.biz (Mislav Sagovac)</author>
      <guid>http://croecon.contentio.biz/post/zombie-tvrtke/</guid>
      <description>U prethodnim postovima su u fokusu bile najbolje hrvatske tvrtke, odnosno sektori, a podatci pokazuju da bolji dio poslovnog sektora čine domaće tvrtke u punom ili djelomičnom stranom vlasništvu. Osim domaćih tvrtki u stranom vlasništvu, bolji dio poslovnog sektora uključuje i tvrtke iz IT sektora. Domaćih tvrki u stranom vlasništvu je 2017. godine bilo nešto manje od 12 tisuća dok u IT sektoru posluje oko 5.6 tisuća firmi. Upravo tih 20ak tisuća tvrtki predstavlja najproduktivniji i najprofitabilniji dio hrvatske ekonomije.</description>
    </item>
    
    <item>
      <title>Hrvatska - od postindustrijskog do postmaterijalističkog društva!?</title>
      <link>http://croecon.contentio.biz/post/hrvatska-od-postindustrijskog-do-postmaterijalisti-kog-dru-tva/</link>
      <pubDate>Mon, 24 Jun 2019 00:00:00 +0000</pubDate>
      <author>mislav.sagovac@contentio.biz (Mislav Sagovac)</author>
      <guid>http://croecon.contentio.biz/post/hrvatska-od-postindustrijskog-do-postmaterijalisti-kog-dru-tva/</guid>
      <description>U ekonomsko-političkom diskursu se često čuje kako Hrvatska ima nepovoljnu proizvodnu strukturu gospodarstva, prije svega zbog smanjenja relativne veličine proizvodnog sektora i porasta važnosti uslužnih djelatnosti. Na osnovi takvog shvaćanja, političari, a i jedan dio domaćih ekonomista, predlažu zaokret u ekonomskoj politici koja bi trebala ići u smjeru poticanja proizvodnje ili barem zaustavljanja procesa deindustrijalizacije. Deindustrijalizacijski proces u Hrvatskoj tako postaje dnevno-politička tema u kojoj se zanemaruju gotovo svi njegovi važni elementi.</description>
    </item>
    
    <item>
      <title>Interaktivni pregled podataka HNB o izravnim inozemim ulaganljima</title>
      <link>http://croecon.contentio.biz/post/interaktivni-pregled-podataka-hnb-o-izravnim-inozemim-ulaganljima/</link>
      <pubDate>Wed, 24 Apr 2019 00:00:00 +0000</pubDate>
      <author>mislav.sagovac@contentio.biz (Mislav Sagovac)</author>
      <guid>http://croecon.contentio.biz/post/interaktivni-pregled-podataka-hnb-o-izravnim-inozemim-ulaganljima/</guid>
      <description>Prije nekoliko tjedana sam analizirao prilike u domaćim tvrtkama koje su u vlasništvu stranih rezidenata. Pregled je pokazao da strani sektor posluje na višoj razini produktivnosti i profitabilnosti od domaćeg te da su strane tvrtke otpornije na ekonomske šokove od domaćih, a osim stabilizacije poslovnog ciklusa, strane tvrtke doprinose i dugoročnom rastu, primjerice kroz povećanje opće tehnološke granice. Ta je analiza napravljena na osnovi podataka o poslovanju tvrtki i kao takva govori o efektima izravnih inozemnih ulaganja.</description>
    </item>
    
    <item>
      <title>Productivity puzzle i digitalna ekonomija u RH</title>
      <link>http://croecon.contentio.biz/post/productivity-puzzle-i-digitalna-ekonomija-u-rh/</link>
      <pubDate>Mon, 08 Apr 2019 00:00:00 +0000</pubDate>
      <author>mislav.sagovac@contentio.biz (Mislav Sagovac)</author>
      <guid>http://croecon.contentio.biz/post/productivity-puzzle-i-digitalna-ekonomija-u-rh/</guid>
      <description>Iako u ekonomskoj znanosti ne postoji konsenzus oko toga što točno jesu tehnologija i produktivnost, većinsko je uvjerenje ekonomista da je produktivnost ključni faktor ekonomskog rasta. U tom kontekstu trend globalnog usporavanja produktivnosti je zabrinjavajući. Taj je fenomen dodatno izražen u europskim zemljama, među kojima postoje znatne razlike u tehnološkim kapacitetima i kretanjima. Tehnološke razlike najizraženije su između novih i starih članica ali i sjevera naspram juga Europe. S obzirom na ekspanziju digitalne ekonomije i njezinih očekivanih tehnoloških dobitaka, slab rast produktivnosti na globalnoj razini, svojevrsna je zagonetka ali i razlog za zabrinutost.</description>
    </item>
    
    <item>
      <title>Izravna strana ulaganja:pozitivni efekti koji mogu biti i veći!</title>
      <link>http://croecon.contentio.biz/post/izravna-strana-ulaganja-pozitivni-efekti-koji-mogu-biti-i-ve-i/</link>
      <pubDate>Tue, 19 Mar 2019 00:00:00 +0000</pubDate>
      <author>mislav.sagovac@contentio.biz (Mislav Sagovac)</author>
      <guid>http://croecon.contentio.biz/post/izravna-strana-ulaganja-pozitivni-efekti-koji-mogu-biti-i-ve-i/</guid>
      <description>Izravna strana ulaganja (FDI) prije 10-ak godina bila su iznimno važna ekonomska tema. Razlog tome zasigurno je bio u intenzitetu globalizacije i internacionalizacije poslovanja koji su tada bili ključni ekonomski trendovi. Suvremena ekonomska teorija predviđa pozitivan efekt izravnih stranih ulaganja (FDI) na niz ekonomskih pokazatelja i razvoj općenito. Izravna strana ulaganja očekivano bi trebala donositi korist domaćim i stranim tvrtkama ali i cjelokupnom gospodarstvu. Teorija predviđa snažnije efekte u zemljama ispod tehnološke granice kao i zemljama u procesu smanjenja razvojnog jaza.</description>
    </item>
    
    <item>
      <title>Znanstveni lab u CroEcon aplikaciji - brza i jednostavna ekonometrijska analiza</title>
      <link>http://croecon.contentio.biz/post/znanstveni-lab-u-croecon-apliakciji-najbr-i-i-najlak-i-ekonometrijski-testovi/</link>
      <pubDate>Tue, 12 Mar 2019 00:00:00 +0000</pubDate>
      <author>mislav.sagovac@contentio.biz (Mislav Sagovac)</author>
      <guid>http://croecon.contentio.biz/post/znanstveni-lab-u-croecon-apliakciji-najbr-i-i-najlak-i-ekonometrijski-testovi/</guid>
      <description>Ako Vas netko upita: što objašnjava rast/pad varijable y nefinancijskih poduzeća u Republici Hrvatskoj, pri čemu y može biti izvoz, uvoz, prihodi, dobit i td, što biste odgovorili? Vjerojatno bi se pokušavali sjetiti nekog nedavnog istraživanja koje ste čitali, a koje se bavi izučavanjem varijable y ili bi pokušali odgovoriti intuitivno, prvoloptaški (npr. visoki nameti). Čak i kada biste imali kratko vrijeme na raspolaganju teško bi uspjeli brzo prikupiti podatke, i napraviti jednostavan model (graf, ekonometrijski model), koji bi Vam pomogao u odgovoru na pitanje.</description>
    </item>
    
    <item>
      <title>Doprinosi djelatnosti BDP-u u RH i po županijama</title>
      <link>http://croecon.contentio.biz/post/doprinosi-djelatnosti-bdp-u-u-rh-i-po-upanijama/</link>
      <pubDate>Fri, 15 Feb 2019 00:00:00 +0000</pubDate>
      <author>mislav.sagovac@contentio.biz (Mislav Sagovac)</author>
      <guid>http://croecon.contentio.biz/post/doprinosi-djelatnosti-bdp-u-u-rh-i-po-upanijama/</guid>
      <description>U javnosti se često iznosi teza o propasti hrvatske proizvodnje, pretjeranoj važnosti turizma za Hrvatsku ekonomiju, slomu građevinskog sektora nakon krize i druge tvrdnje koje ističu ekspanziju ili kontrakciju pojedinog sektora hrvatskog gospodarstva. U ovom postu ću prezentirati novi modul u CroEcon aplikaciji koja omogućuje brzu analizu ovih tvrdnji. Fokusirat ću se na razdoblje 2002-2018 , jer za to razdoblje postoje službeni podaci. Naziv novog modula je: Statistika poslovnih subjekata.</description>
    </item>
    
    <item>
      <title>Najveće plaće u RH po djelatnostima</title>
      <link>http://croecon.contentio.biz/post/najve-e-pla-e-u-rh/</link>
      <pubDate>Mon, 07 Jan 2019 00:00:00 +0000</pubDate>
      <author>mislav.sagovac@contentio.biz (Mislav Sagovac)</author>
      <guid>http://croecon.contentio.biz/post/najve-e-pla-e-u-rh/</guid>
      <description>U ovom osvrtu ćemo pogledati koje djelatnosti i sektori u Hrvatskoj isplaćuju najveće plaće. Tradicionalno djelatnosti Informacija i komunikacija (J), Opskrbe energijom(D), Rudarstva i vađenja (B), Financije (K) i Javna uprava (O) isplaćuju najviše prosječne place. Teško je izdvojiti “najbolju” djelatnost jer se plaće kreću ciklički i ovise o nizu različitih faktora, kako globalnim i europskim kretanjima u gospodarstvu i tehnologiji,tako i o domaćem tržištu rada, migracijskim trendovima i političkim prilikama.</description>
    </item>
    
    <item>
      <title>Dodana nova vrijednost hrvatskih poslovnih subjekata - koliko pripada radnicima, a koliko poduzetnicima?</title>
      <link>http://croecon.contentio.biz/post/dodana-nova-vrijednost-hrvatskih-poslovnih-subjekata/</link>
      <pubDate>Wed, 21 Mar 2018 00:00:00 +0000</pubDate>
      <author>mislav.sagovac@contentio.biz (Mislav Sagovac)</author>
      <guid>http://croecon.contentio.biz/post/dodana-nova-vrijednost-hrvatskih-poslovnih-subjekata/</guid>
      <description>Bruto domaći proizvod (BDP) je jedna od tri ključne makroekonomske varijable (uz inflaciju i nezaposlenost) a definira se kao „tržišna vrijednost proizvoda i usluga proizvedenih u određenom vremenskom razdoblju“. Općepoznato je da postoje tri pristupa u mjerenju BDP-a: proizvodni pristup, dohodovni pristup i pristup izdataka (potrošnje). Prema dohodovnoj metodi, BDP je jednak zbroju svih dohodaka u nekom razdoblju: plaća, profita, kamata, renti i ostalih dohodaka. Prema pristupu izdataka, BDP je jednak zbroju finalne upotrebe proizvoda i usluga, odnosno zbroju potrošnje, investicija, državne potrošnje i neto izvoza.</description>
    </item>
    
  </channel>
</rss>