<?xml version="1.0" encoding="utf-8" standalone="yes" ?>
<rss version="2.0" xmlns:atom="http://www.w3.org/2005/Atom">
  <channel>
    <title>Politička ekonomija on CroEcon</title>
    <link>http://croecon.contentio.biz/categories/politi%C4%8Dka-ekonomija/</link>
    <description>Recent content in Politička ekonomija on CroEcon</description>
    <generator>Hugo -- gohugo.io</generator>
    <managingEditor>mislav.sagovac@contentio.biz (Mislav Sagovac)</managingEditor>
    <webMaster>mislav.sagovac@contentio.biz (Mislav Sagovac)</webMaster>
    <lastBuildDate>Thu, 02 Apr 2020 00:00:00 +0000</lastBuildDate>
    
	<atom:link href="http://croecon.contentio.biz/categories/politi%C4%8Dka-ekonomija/index.xml" rel="self" type="application/rss+xml" />
    
    
    <item>
      <title>Ekonomski aspekti COVID-19 na domaću ekonomiju</title>
      <link>http://croecon.contentio.biz/post/ekonomski-aspekti-covid-19-na-doma-u-ekonomiju/</link>
      <pubDate>Thu, 02 Apr 2020 00:00:00 +0000</pubDate>
      <author>mislav.sagovac@contentio.biz (Mislav Sagovac)</author>
      <guid>http://croecon.contentio.biz/post/ekonomski-aspekti-covid-19-na-doma-u-ekonomiju/</guid>
      <description>Od zadnjeg objavljenog posta do danas se svijet u kojem živimo jako promijenio uslijed pandemije SARS-Cov-2 virusa (COVID-19 bolest) koji je zaustavio, ionako oslabljenu globalizaciju i započeo okretanje prema lokalnoj, Polany-evskoj ekonomiji. Usprkos takvom obratu, u javnosti se pojavljuje teza da i u ovakvoj situaciji mehanizam prilagodbe treba prepustiti tržištu, to jest pustiti da pogođene tvrtke propadnu, a prežive one koje će imati dovoljno „zaliha“ za financiranje tekućih gubitaka. Međutim, samim zatvaranjem firmi i uvođenjem karantene prestali su funkcionirati tržišni mehanizmi.</description>
    </item>
    
    <item>
      <title>Globalizacija je dobra za sve, ali loša za neke</title>
      <link>http://croecon.contentio.biz/post/globalizacija-je-dobra-za-sve-ali-lo-a-za-neke/</link>
      <pubDate>Mon, 04 Nov 2019 00:00:00 +0000</pubDate>
      <author>mislav.sagovac@contentio.biz (Mislav Sagovac)</author>
      <guid>http://croecon.contentio.biz/post/globalizacija-je-dobra-za-sve-ali-lo-a-za-neke/</guid>
      <description>Povodom nadolazećeg blagdana Svih svetih, prekjučer je na Dnevniku HRT-a prikazan prilog o proizvođačima cvijeća. Novinarka je intervjuirala nekoliko vlasnika OPG-a, koji su prezentirali svoj asortiman cvijeća i govorili o dobrim i lošim stranama svog posla. Najveću prepreku sadašnjem, a posebno budućem poslovanju, vide u povećanom uvozu cvijeća. U prilogu je istaknuto da je uvoz cvijeća ove godine porastao za 5%, a najveći rast uvoza odnosi se na uvoz cvijeća iz Nizozemske.</description>
    </item>
    
    <item>
      <title>Dobar posao Financijske agencije sa GFI-ovima</title>
      <link>http://croecon.contentio.biz/post/dobar-posao-financijske-agencije-sa-gfi-ovima/</link>
      <pubDate>Wed, 10 Apr 2019 00:00:00 +0000</pubDate>
      <author>mislav.sagovac@contentio.biz (Mislav Sagovac)</author>
      <guid>http://croecon.contentio.biz/post/dobar-posao-financijske-agencije-sa-gfi-ovima/</guid>
      <description>Nedavno je na Indeks.hr obavljen tekst u kojem se iznosi čuđenje suosnivača poznate tvrtke Nanobit zbog dopisa koji je dobio od Financijske agencije (dalje FINA). Ukratko, Alan Sumina je, uz suvlasništvo u Nanobitu, i vlasnik druge tvrtke koja ne obavlja djelatnost (u mirovanju je), ali koja je dužna objavljivati financijske izvještaje. S obzirom da izvještaj nije predo, FINA je Sumini poslala „poziv“ da preda izvještaj i da će protiv njega biti pokrenuta tužba ukoliko ne se ne odazove pozivu.</description>
    </item>
    
    <item>
      <title>3 mjere za prevladavanje problema blokiranih građana</title>
      <link>http://croecon.contentio.biz/post/3-mjere-za-prevladavanje-problema-blokiranih-gra-ana/</link>
      <pubDate>Mon, 26 Mar 2018 00:00:00 +0000</pubDate>
      <author>mislav.sagovac@contentio.biz (Mislav Sagovac)</author>
      <guid>http://croecon.contentio.biz/post/3-mjere-za-prevladavanje-problema-blokiranih-gra-ana/</guid>
      <description>Vlada trenutno priprema novi ovršni Zakon i skup mjera koji bi trebao pomoći građanima s blokiranim računima. Gotovo svi, od političkih stranaka, do raznih udruga, daju svoje prijedloge za prevladavanje problema blokiranih. Jedni tvrde da ne treba pokretati ovrhe kod kojih je glavnica manja od 2.700 kn. Drugi smatraju da bi cijeli ovršni postupak trebalo vratiti sudovima. Sudac Kolakušić smatra da bi svaka strana trebala snositi svoj trošak u ovršnom postupku.</description>
    </item>
    
    <item>
      <title>Povjerenstvo za analizu društveno-ekonomskih fenomena u RH</title>
      <link>http://croecon.contentio.biz/post/povjerenstvo-za-analizu-drustveno-ekonomskih-fenomena-u-rh/</link>
      <pubDate>Tue, 06 Mar 2018 00:00:00 +0000</pubDate>
      <author>mislav.sagovac@contentio.biz (Mislav Sagovac)</author>
      <guid>http://croecon.contentio.biz/post/povjerenstvo-za-analizu-drustveno-ekonomskih-fenomena-u-rh/</guid>
      <description>U Hrvatskoj postoji veliki jaz između akademskog potencijala i načina na koji se taj potencijal koristi. Pod akademskim potencijalom misli se na znanja, sposobnosti i vještine kojima raspolažu određeni doktorandi ili doktori znanosti u Hrvatskoj. Dodatni neiskorišteni potencijal je velika količina podataka koja se nalazi na serverima raznih institucija i agencija. Aktiviranje ova dva potencijala, kroz određenu političku odluku, može donijeti značajne koristi kako Vladi Republike Hrvatske, tako i akademskoj zajednici i društvu općenito.</description>
    </item>
    
  </channel>
</rss>