<?xml version="1.0" encoding="utf-8" standalone="yes" ?>
<rss version="2.0" xmlns:atom="http://www.w3.org/2005/Atom">
  <channel>
    <title>dionice on CroEcon</title>
    <link>http://croecon.contentio.biz/tags/dionice/</link>
    <description>Recent content in dionice on CroEcon</description>
    <generator>Hugo -- gohugo.io</generator>
    <managingEditor>mislav.sagovac@contentio.biz (Mislav Sagovac)</managingEditor>
    <webMaster>mislav.sagovac@contentio.biz (Mislav Sagovac)</webMaster>
    <lastBuildDate>Thu, 05 Sep 2019 00:00:00 +0000</lastBuildDate>
    
	<atom:link href="http://croecon.contentio.biz/tags/dionice/index.xml" rel="self" type="application/rss+xml" />
    
    
    <item>
      <title>Primjena AutoML modela za predikciju cijena dionica</title>
      <link>http://croecon.contentio.biz/post/primjena-automl-modela-za-predikciju-cijena-dionica/</link>
      <pubDate>Thu, 05 Sep 2019 00:00:00 +0000</pubDate>
      <author>mislav.sagovac@contentio.biz (Mislav Sagovac)</author>
      <guid>http://croecon.contentio.biz/post/primjena-automl-modela-za-predikciju-cijena-dionica/</guid>
      <description>Prije pola godine sam napisao post o primjeni modela dubokog učenja na predikciju cijene dionice tehnike (THNK). U ovom postu ću primijeniti drugi, u posljednje vrijeme vrlo popularni pristup za predikciju općenito: automatsko strojno učenje (dalje AutoML). AutoML podrazumijeva primjenu skupa različitih vrsta modela strojnog učenja te izbor najboljeg modela ovisno o izabranoj loss funkciji. AumoML najčešće ne zahtijeva znanje o programiranju i razvoju modela. Potrebno je samo pripremiti podatke za analizu (učitavanje podatka, bavljenje sa nedostajućim vrijednostima i slično), te promijeniti AutoML funkciju na čistu matricu podatka.</description>
    </item>
    
    <item>
      <title>Predviđanje cijene dionica pomoću modela dubokog učenja</title>
      <link>http://croecon.contentio.biz/post/predvi-anje-cijene-dionica-uz-pomo-u-modela-dubokog-u-enja/</link>
      <pubDate>Wed, 20 Mar 2019 00:00:00 +0000</pubDate>
      <author>mislav.sagovac@contentio.biz (Mislav Sagovac)</author>
      <guid>http://croecon.contentio.biz/post/predvi-anje-cijene-dionica-uz-pomo-u-modela-dubokog-u-enja/</guid>
      <description>Prošli tjedan sam započeo novi hobistički projekt. Riječ je o analizi dionica u Hrvatskoj i susjednim zemljama. Konačan broj zemalja koji će biti uključen u analizu ovisit će politici otvorenosti podataka pojedinih burzi. Projekt ću kontinuirano prezentirati na ovom blogu, na novoj Shiny aplikaciji koju ću razvijati isključivo za ovu svrhu i Github repozitoriju, odnosno R paketu koji će sadržavati sve ključne funkcije važne za projekt. Cilj je više edukativni: primjenom statističkih modela za predikciju cijena dionica upoznati sebe, ali i zainteresirane čitatelje sa klasičnim i state of the art modelima za predikciju vremenskih serija (cijena dionice).</description>
    </item>
    
  </channel>
</rss>