<?xml version="1.0" encoding="utf-8" standalone="yes" ?>
<rss version="2.0" xmlns:atom="http://www.w3.org/2005/Atom">
  <channel>
    <title>Tags on CroEcon</title>
    <link>http://croecon.contentio.biz/tags/</link>
    <description>Recent content in Tags on CroEcon</description>
    <generator>Hugo -- gohugo.io</generator>
    <managingEditor>mislav.sagovac@contentio.biz (Mislav Sagovac)</managingEditor>
    <webMaster>mislav.sagovac@contentio.biz (Mislav Sagovac)</webMaster>
    <lastBuildDate>Thu, 18 Jun 2020 00:00:00 +0000</lastBuildDate>
    
	<atom:link href="http://croecon.contentio.biz/tags/index.xml" rel="self" type="application/rss+xml" />
    
    
    <item>
      <title>globalizacija</title>
      <link>http://croecon.contentio.biz/tags/globalizacija/</link>
      <pubDate>Thu, 18 Jun 2020 00:00:00 +0000</pubDate>
      <author>mislav.sagovac@contentio.biz (Mislav Sagovac)</author>
      <guid>http://croecon.contentio.biz/tags/globalizacija/</guid>
      <description></description>
    </item>
    
    <item>
      <title>Blokirani</title>
      <link>http://croecon.contentio.biz/tags/blokirani/</link>
      <pubDate>Thu, 02 Apr 2020 00:00:00 +0000</pubDate>
      <author>mislav.sagovac@contentio.biz (Mislav Sagovac)</author>
      <guid>http://croecon.contentio.biz/tags/blokirani/</guid>
      <description></description>
    </item>
    
    <item>
      <title>Digitalna ekonomija</title>
      <link>http://croecon.contentio.biz/tags/digitalna-ekonomija/</link>
      <pubDate>Thu, 02 Apr 2020 00:00:00 +0000</pubDate>
      <author>mislav.sagovac@contentio.biz (Mislav Sagovac)</author>
      <guid>http://croecon.contentio.biz/tags/digitalna-ekonomija/</guid>
      <description></description>
    </item>
    
    <item>
      <title>Dugovi</title>
      <link>http://croecon.contentio.biz/tags/dugovi/</link>
      <pubDate>Thu, 02 Apr 2020 00:00:00 +0000</pubDate>
      <author>mislav.sagovac@contentio.biz (Mislav Sagovac)</author>
      <guid>http://croecon.contentio.biz/tags/dugovi/</guid>
      <description></description>
    </item>
    
    <item>
      <title>GDP</title>
      <link>http://croecon.contentio.biz/tags/gdp/</link>
      <pubDate>Thu, 02 Apr 2020 00:00:00 +0000</pubDate>
      <author>mislav.sagovac@contentio.biz (Mislav Sagovac)</author>
      <guid>http://croecon.contentio.biz/tags/gdp/</guid>
      <description></description>
    </item>
    
    <item>
      <title>sektori</title>
      <link>http://croecon.contentio.biz/tags/sektori/</link>
      <pubDate>Thu, 02 Apr 2020 00:00:00 +0000</pubDate>
      <author>mislav.sagovac@contentio.biz (Mislav Sagovac)</author>
      <guid>http://croecon.contentio.biz/tags/sektori/</guid>
      <description></description>
    </item>
    
    <item>
      <title>zaposlenost</title>
      <link>http://croecon.contentio.biz/tags/zaposlenost/</link>
      <pubDate>Thu, 02 Apr 2020 00:00:00 +0000</pubDate>
      <author>mislav.sagovac@contentio.biz (Mislav Sagovac)</author>
      <guid>http://croecon.contentio.biz/tags/zaposlenost/</guid>
      <description></description>
    </item>
    
    <item>
      <title>Konvergencija</title>
      <link>http://croecon.contentio.biz/tags/konvergencija/</link>
      <pubDate>Mon, 04 Nov 2019 00:00:00 +0000</pubDate>
      <author>mislav.sagovac@contentio.biz (Mislav Sagovac)</author>
      <guid>http://croecon.contentio.biz/tags/konvergencija/</guid>
      <description></description>
    </item>
    
    <item>
      <title>Uvoz</title>
      <link>http://croecon.contentio.biz/tags/uvoz/</link>
      <pubDate>Mon, 04 Nov 2019 00:00:00 +0000</pubDate>
      <author>mislav.sagovac@contentio.biz (Mislav Sagovac)</author>
      <guid>http://croecon.contentio.biz/tags/uvoz/</guid>
      <description></description>
    </item>
    
    <item>
      <title>produktivnost</title>
      <link>http://croecon.contentio.biz/tags/produktivnost/</link>
      <pubDate>Mon, 04 Nov 2019 00:00:00 +0000</pubDate>
      <author>mislav.sagovac@contentio.biz (Mislav Sagovac)</author>
      <guid>http://croecon.contentio.biz/tags/produktivnost/</guid>
      <description></description>
    </item>
    
    <item>
      <title>investicije</title>
      <link>http://croecon.contentio.biz/tags/investicije/</link>
      <pubDate>Thu, 24 Oct 2019 00:00:00 +0000</pubDate>
      <author>mislav.sagovac@contentio.biz (Mislav Sagovac)</author>
      <guid>http://croecon.contentio.biz/tags/investicije/</guid>
      <description></description>
    </item>
    
    <item>
      <title>nefinancijska poduzeća</title>
      <link>http://croecon.contentio.biz/tags/nefinancijska-poduze%C4%87a/</link>
      <pubDate>Thu, 24 Oct 2019 00:00:00 +0000</pubDate>
      <author>mislav.sagovac@contentio.biz (Mislav Sagovac)</author>
      <guid>http://croecon.contentio.biz/tags/nefinancijska-poduze%C4%87a/</guid>
      <description></description>
    </item>
    
    <item>
      <title>analiza teksta</title>
      <link>http://croecon.contentio.biz/tags/analiza-teksta/</link>
      <pubDate>Wed, 25 Sep 2019 00:00:00 +0000</pubDate>
      <author>mislav.sagovac@contentio.biz (Mislav Sagovac)</author>
      <guid>http://croecon.contentio.biz/tags/analiza-teksta/</guid>
      <description></description>
    </item>
    
    <item>
      <title>izbori</title>
      <link>http://croecon.contentio.biz/tags/izbori/</link>
      <pubDate>Wed, 25 Sep 2019 00:00:00 +0000</pubDate>
      <author>mislav.sagovac@contentio.biz (Mislav Sagovac)</author>
      <guid>http://croecon.contentio.biz/tags/izbori/</guid>
      <description></description>
    </item>
    
    <item>
      <title>sentiment</title>
      <link>http://croecon.contentio.biz/tags/sentiment/</link>
      <pubDate>Wed, 25 Sep 2019 00:00:00 +0000</pubDate>
      <author>mislav.sagovac@contentio.biz (Mislav Sagovac)</author>
      <guid>http://croecon.contentio.biz/tags/sentiment/</guid>
      <description></description>
    </item>
    
    <item>
      <title>web scraping</title>
      <link>http://croecon.contentio.biz/tags/web-scraping/</link>
      <pubDate>Wed, 25 Sep 2019 00:00:00 +0000</pubDate>
      <author>mislav.sagovac@contentio.biz (Mislav Sagovac)</author>
      <guid>http://croecon.contentio.biz/tags/web-scraping/</guid>
      <description></description>
    </item>
    
    <item>
      <title>dionice</title>
      <link>http://croecon.contentio.biz/tags/dionice/</link>
      <pubDate>Thu, 05 Sep 2019 00:00:00 +0000</pubDate>
      <author>mislav.sagovac@contentio.biz (Mislav Sagovac)</author>
      <guid>http://croecon.contentio.biz/tags/dionice/</guid>
      <description></description>
    </item>
    
    <item>
      <title>duboko učenje</title>
      <link>http://croecon.contentio.biz/tags/duboko-u%C4%8Denje/</link>
      <pubDate>Thu, 05 Sep 2019 00:00:00 +0000</pubDate>
      <author>mislav.sagovac@contentio.biz (Mislav Sagovac)</author>
      <guid>http://croecon.contentio.biz/tags/duboko-u%C4%8Denje/</guid>
      <description></description>
    </item>
    
    <item>
      <title>strojno učenje</title>
      <link>http://croecon.contentio.biz/tags/strojno-u%C4%8Denje/</link>
      <pubDate>Thu, 05 Sep 2019 00:00:00 +0000</pubDate>
      <author>mislav.sagovac@contentio.biz (Mislav Sagovac)</author>
      <guid>http://croecon.contentio.biz/tags/strojno-u%C4%8Denje/</guid>
      <description></description>
    </item>
    
    <item>
      <title>email</title>
      <link>http://croecon.contentio.biz/tags/email/</link>
      <pubDate>Thu, 01 Aug 2019 00:00:00 +0000</pubDate>
      <author>mislav.sagovac@contentio.biz (Mislav Sagovac)</author>
      <guid>http://croecon.contentio.biz/tags/email/</guid>
      <description></description>
    </item>
    
    <item>
      <title>Politička ekonomija</title>
      <link>http://croecon.contentio.biz/tags/politi%C4%8Dka-ekonomija/</link>
      <pubDate>Tue, 30 Jul 2019 00:00:00 +0000</pubDate>
      <author>mislav.sagovac@contentio.biz (Mislav Sagovac)</author>
      <guid>http://croecon.contentio.biz/tags/politi%C4%8Dka-ekonomija/</guid>
      <description></description>
    </item>
    
    <item>
      <title>PDV</title>
      <link>http://croecon.contentio.biz/tags/pdv/</link>
      <pubDate>Sun, 28 Jul 2019 00:00:00 +0000</pubDate>
      <author>mislav.sagovac@contentio.biz (Mislav Sagovac)</author>
      <guid>http://croecon.contentio.biz/tags/pdv/</guid>
      <description></description>
    </item>
    
    <item>
      <title>Dodana nova vrijednost</title>
      <link>http://croecon.contentio.biz/tags/dodana-nova-vrijednost/</link>
      <pubDate>Mon, 24 Jun 2019 00:00:00 +0000</pubDate>
      <author>mislav.sagovac@contentio.biz (Mislav Sagovac)</author>
      <guid>http://croecon.contentio.biz/tags/dodana-nova-vrijednost/</guid>
      <description></description>
    </item>
    
    <item>
      <title>mirovine</title>
      <link>http://croecon.contentio.biz/tags/mirovine/</link>
      <pubDate>Thu, 09 May 2019 00:00:00 +0000</pubDate>
      <author>mislav.sagovac@contentio.biz (Mislav Sagovac)</author>
      <guid>http://croecon.contentio.biz/tags/mirovine/</guid>
      <description></description>
    </item>
    
    <item>
      <title>fdi</title>
      <link>http://croecon.contentio.biz/tags/fdi/</link>
      <pubDate>Wed, 24 Apr 2019 00:00:00 +0000</pubDate>
      <author>mislav.sagovac@contentio.biz (Mislav Sagovac)</author>
      <guid>http://croecon.contentio.biz/tags/fdi/</guid>
      <description></description>
    </item>
    
    <item>
      <title>R</title>
      <link>http://croecon.contentio.biz/tags/r/</link>
      <pubDate>Thu, 11 Apr 2019 00:00:00 +0000</pubDate>
      <author>mislav.sagovac@contentio.biz (Mislav Sagovac)</author>
      <guid>http://croecon.contentio.biz/tags/r/</guid>
      <description></description>
    </item>
    
    <item>
      <title>Shiny</title>
      <link>http://croecon.contentio.biz/tags/shiny/</link>
      <pubDate>Wed, 20 Mar 2019 00:00:00 +0000</pubDate>
      <author>mislav.sagovac@contentio.biz (Mislav Sagovac)</author>
      <guid>http://croecon.contentio.biz/tags/shiny/</guid>
      <description></description>
    </item>
    
    <item>
      <title>Izvoz</title>
      <link>http://croecon.contentio.biz/tags/izvoz/</link>
      <pubDate>Tue, 19 Mar 2019 00:00:00 +0000</pubDate>
      <author>mislav.sagovac@contentio.biz (Mislav Sagovac)</author>
      <guid>http://croecon.contentio.biz/tags/izvoz/</guid>
      <description></description>
    </item>
    
    <item>
      <title>CROBEX</title>
      <link>http://croecon.contentio.biz/tags/crobex/</link>
      <pubDate>Mon, 04 Feb 2019 00:00:00 +0000</pubDate>
      <author>mislav.sagovac@contentio.biz (Mislav Sagovac)</author>
      <guid>http://croecon.contentio.biz/tags/crobex/</guid>
      <description></description>
    </item>
    
    <item>
      <title>Javni dug</title>
      <link>http://croecon.contentio.biz/tags/javni-dug/</link>
      <pubDate>Mon, 04 Feb 2019 00:00:00 +0000</pubDate>
      <author>mislav.sagovac@contentio.biz (Mislav Sagovac)</author>
      <guid>http://croecon.contentio.biz/tags/javni-dug/</guid>
      <description></description>
    </item>
    
    <item>
      <title>plaće</title>
      <link>http://croecon.contentio.biz/tags/pla%C4%87e/</link>
      <pubDate>Mon, 07 Jan 2019 00:00:00 +0000</pubDate>
      <author>mislav.sagovac@contentio.biz (Mislav Sagovac)</author>
      <guid>http://croecon.contentio.biz/tags/pla%C4%87e/</guid>
      <description></description>
    </item>
    
    <item>
      <title>R&amp;D</title>
      <link>http://croecon.contentio.biz/tags/rd/</link>
      <pubDate>Thu, 03 Jan 2019 00:00:00 +0000</pubDate>
      <author>mislav.sagovac@contentio.biz (Mislav Sagovac)</author>
      <guid>http://croecon.contentio.biz/tags/rd/</guid>
      <description></description>
    </item>
    
    <item>
      <title>prduktivnost</title>
      <link>http://croecon.contentio.biz/tags/prduktivnost/</link>
      <pubDate>Thu, 03 Jan 2019 00:00:00 +0000</pubDate>
      <author>mislav.sagovac@contentio.biz (Mislav Sagovac)</author>
      <guid>http://croecon.contentio.biz/tags/prduktivnost/</guid>
      <description></description>
    </item>
    
    <item>
      <title>Bitcoin</title>
      <link>http://croecon.contentio.biz/tags/bitcoin/</link>
      <pubDate>Tue, 27 Nov 2018 00:00:00 +0000</pubDate>
      <author>mislav.sagovac@contentio.biz (Mislav Sagovac)</author>
      <guid>http://croecon.contentio.biz/tags/bitcoin/</guid>
      <description></description>
    </item>
    
    <item>
      <title>Tržište rada</title>
      <link>http://croecon.contentio.biz/tags/tr%C5%BEi%C5%A1te-rada/</link>
      <pubDate>Tue, 13 Mar 2018 00:00:00 +0000</pubDate>
      <author>mislav.sagovac@contentio.biz (Mislav Sagovac)</author>
      <guid>http://croecon.contentio.biz/tags/tr%C5%BEi%C5%A1te-rada/</guid>
      <description></description>
    </item>
    
  </channel>
</rss>