<?xml version="1.0" encoding="utf-8" standalone="yes" ?>
<rss version="2.0" xmlns:atom="http://www.w3.org/2005/Atom">
  <channel>
    <title>Tržište rada on CroEcon</title>
    <link>http://croecon.contentio.biz/tags/tr%C5%BEi%C5%A1te-rada/</link>
    <description>Recent content in Tržište rada on CroEcon</description>
    <generator>Hugo -- gohugo.io</generator>
    <managingEditor>mislav.sagovac@contentio.biz (Mislav Sagovac)</managingEditor>
    <webMaster>mislav.sagovac@contentio.biz (Mislav Sagovac)</webMaster>
    <lastBuildDate>Tue, 13 Mar 2018 00:00:00 +0000</lastBuildDate>
    
	<atom:link href="http://croecon.contentio.biz/tags/tr%C5%BEi%C5%A1te-rada/index.xml" rel="self" type="application/rss+xml" />
    
    
    <item>
      <title>Što objašnjava pad broja nezaposlenih u RH?</title>
      <link>http://croecon.contentio.biz/post/to-objasnjava-pad-broja-nezaposlenih-u-rh/</link>
      <pubDate>Tue, 13 Mar 2018 00:00:00 +0000</pubDate>
      <author>mislav.sagovac@contentio.biz (Mislav Sagovac)</author>
      <guid>http://croecon.contentio.biz/post/to-objasnjava-pad-broja-nezaposlenih-u-rh/</guid>
      <description>Ovaj post se nastavlja na prethodnu analizu tržišta rada u RH, u kojoj je prikazana dinamika broja zaposlenih i struktura zaposlenih u RH, te je posebno analizirana struktura prema kriteriju vrste osiguranja i spola. Također je implementirana mogućnost izbora prostorne jedinice promatranja (županije i gradovi/općine). U ovom postu se ukratko prikazuju podaci o broju nezaposlenih i stopi nezaposlenosti, prikupljeni sa stranica HZZ-a. Podaci su dostupni na CroEcon aplikaciji, kojoj se može pristupiti klikom na poveznicu.</description>
    </item>
    
    <item>
      <title>Strukturirani podaci o zaposlenosti HZMO-a</title>
      <link>http://croecon.contentio.biz/post/strukturirani-podaci-o-zaposlenosti-hzmo-a/</link>
      <pubDate>Sun, 04 Mar 2018 00:00:00 +0000</pubDate>
      <author>mislav.sagovac@contentio.biz (Mislav Sagovac)</author>
      <guid>http://croecon.contentio.biz/post/strukturirani-podaci-o-zaposlenosti-hzmo-a/</guid>
      <description>U prošlom postu je pomoću programskog jezika R i paketa Shiny izrađena interaktivna analiza životnog standarda u RH i članicama EU. U ovom postu će se makro podaci nadopuniti podacima o zaposlenosti jer oni, uz gospodarski rast, najvjernije odražavaju stanje neke ekonomije. Kao i u prošlom postu, cilj nije pružiti detaljnu analizu zaposlenosti, već prezentirati opće trendove i omogućiti ostalim čitateljima korištenje podataka za svoje vlastite analize.
Podaci o zaposlenosti najčešće su vjerodostojniji pokazatelj kretanja na tržištu rada od podataka o nezaposlenosti.</description>
    </item>
    
  </channel>
</rss>