<?xml version="1.0" encoding="utf-8" standalone="yes" ?>
<rss version="2.0" xmlns:atom="http://www.w3.org/2005/Atom">
  <channel>
    <title>Categories on CroEcon</title>
    <link>http://croecon.contentio.biz/categories/</link>
    <description>Recent content in Categories on CroEcon</description>
    <generator>Hugo -- gohugo.io</generator>
    <managingEditor>mislav.sagovac@contentio.biz (Mislav Sagovac)</managingEditor>
    <webMaster>mislav.sagovac@contentio.biz (Mislav Sagovac)</webMaster>
    <lastBuildDate>Thu, 18 Jun 2020 00:00:00 +0000</lastBuildDate>
    
	<atom:link href="http://croecon.contentio.biz/categories/index.xml" rel="self" type="application/rss+xml" />
    
    
    <item>
      <title>Ekonomika</title>
      <link>http://croecon.contentio.biz/categories/ekonomika/</link>
      <pubDate>Thu, 18 Jun 2020 00:00:00 +0000</pubDate>
      <author>mislav.sagovac@contentio.biz (Mislav Sagovac)</author>
      <guid>http://croecon.contentio.biz/categories/ekonomika/</guid>
      <description></description>
    </item>
    
    <item>
      <title>Firme</title>
      <link>http://croecon.contentio.biz/categories/firme/</link>
      <pubDate>Thu, 02 Apr 2020 00:00:00 +0000</pubDate>
      <author>mislav.sagovac@contentio.biz (Mislav Sagovac)</author>
      <guid>http://croecon.contentio.biz/categories/firme/</guid>
      <description></description>
    </item>
    
    <item>
      <title>Makroekonomija</title>
      <link>http://croecon.contentio.biz/categories/makroekonomija/</link>
      <pubDate>Thu, 02 Apr 2020 00:00:00 +0000</pubDate>
      <author>mislav.sagovac@contentio.biz (Mislav Sagovac)</author>
      <guid>http://croecon.contentio.biz/categories/makroekonomija/</guid>
      <description></description>
    </item>
    
    <item>
      <title>Politička ekonomija</title>
      <link>http://croecon.contentio.biz/categories/politi%C4%8Dka-ekonomija/</link>
      <pubDate>Thu, 02 Apr 2020 00:00:00 +0000</pubDate>
      <author>mislav.sagovac@contentio.biz (Mislav Sagovac)</author>
      <guid>http://croecon.contentio.biz/categories/politi%C4%8Dka-ekonomija/</guid>
      <description></description>
    </item>
    
    <item>
      <title>Međunarodna razmjena</title>
      <link>http://croecon.contentio.biz/categories/me%C4%91unarodna-razmjena/</link>
      <pubDate>Mon, 04 Nov 2019 00:00:00 +0000</pubDate>
      <author>mislav.sagovac@contentio.biz (Mislav Sagovac)</author>
      <guid>http://croecon.contentio.biz/categories/me%C4%91unarodna-razmjena/</guid>
      <description></description>
    </item>
    
    <item>
      <title>Tekst</title>
      <link>http://croecon.contentio.biz/categories/tekst/</link>
      <pubDate>Wed, 25 Sep 2019 00:00:00 +0000</pubDate>
      <author>mislav.sagovac@contentio.biz (Mislav Sagovac)</author>
      <guid>http://croecon.contentio.biz/categories/tekst/</guid>
      <description></description>
    </item>
    
    <item>
      <title>Web scraping</title>
      <link>http://croecon.contentio.biz/categories/web-scraping/</link>
      <pubDate>Fri, 20 Sep 2019 00:00:00 +0000</pubDate>
      <author>mislav.sagovac@contentio.biz (Mislav Sagovac)</author>
      <guid>http://croecon.contentio.biz/categories/web-scraping/</guid>
      <description></description>
    </item>
    
    <item>
      <title>R</title>
      <link>http://croecon.contentio.biz/categories/r/</link>
      <pubDate>Thu, 05 Sep 2019 00:00:00 +0000</pubDate>
      <author>mislav.sagovac@contentio.biz (Mislav Sagovac)</author>
      <guid>http://croecon.contentio.biz/categories/r/</guid>
      <description></description>
    </item>
    
    <item>
      <title>Porezi</title>
      <link>http://croecon.contentio.biz/categories/porezi/</link>
      <pubDate>Sun, 28 Jul 2019 00:00:00 +0000</pubDate>
      <author>mislav.sagovac@contentio.biz (Mislav Sagovac)</author>
      <guid>http://croecon.contentio.biz/categories/porezi/</guid>
      <description></description>
    </item>
    
    <item>
      <title>Tržište rada</title>
      <link>http://croecon.contentio.biz/categories/tr%C5%BEi%C5%A1te-rada/</link>
      <pubDate>Thu, 09 May 2019 00:00:00 +0000</pubDate>
      <author>mislav.sagovac@contentio.biz (Mislav Sagovac)</author>
      <guid>http://croecon.contentio.biz/categories/tr%C5%BEi%C5%A1te-rada/</guid>
      <description></description>
    </item>
    
    <item>
      <title>Shiny</title>
      <link>http://croecon.contentio.biz/categories/shiny/</link>
      <pubDate>Wed, 24 Apr 2019 00:00:00 +0000</pubDate>
      <author>mislav.sagovac@contentio.biz (Mislav Sagovac)</author>
      <guid>http://croecon.contentio.biz/categories/shiny/</guid>
      <description></description>
    </item>
    
    <item>
      <title>Financije</title>
      <link>http://croecon.contentio.biz/categories/financije/</link>
      <pubDate>Wed, 20 Mar 2019 00:00:00 +0000</pubDate>
      <author>mislav.sagovac@contentio.biz (Mislav Sagovac)</author>
      <guid>http://croecon.contentio.biz/categories/financije/</guid>
      <description></description>
    </item>
    
    <item>
      <title>Ekonometrija</title>
      <link>http://croecon.contentio.biz/categories/ekonometrija/</link>
      <pubDate>Tue, 12 Mar 2019 00:00:00 +0000</pubDate>
      <author>mislav.sagovac@contentio.biz (Mislav Sagovac)</author>
      <guid>http://croecon.contentio.biz/categories/ekonometrija/</guid>
      <description></description>
    </item>
    
  </channel>
</rss>