<?xml version="1.0" encoding="utf-8" standalone="yes" ?>
<rss version="2.0" xmlns:atom="http://www.w3.org/2005/Atom">
  <channel>
    <title>sentiment on CroEcon</title>
    <link>http://croecon.contentio.biz/tags/sentiment/</link>
    <description>Recent content in sentiment on CroEcon</description>
    <generator>Hugo -- gohugo.io</generator>
    <managingEditor>mislav.sagovac@contentio.biz (Mislav Sagovac)</managingEditor>
    <webMaster>mislav.sagovac@contentio.biz (Mislav Sagovac)</webMaster>
    <lastBuildDate>Wed, 25 Sep 2019 00:00:00 +0000</lastBuildDate>
    
	<atom:link href="http://croecon.contentio.biz/tags/sentiment/index.xml" rel="self" type="application/rss+xml" />
    
    
    <item>
      <title>Analiza zastupljenosti predsjedničkih kandidata na domaćim portalima</title>
      <link>http://croecon.contentio.biz/post/analiza-zatupljenosti-o-predsjedni-kih-kandidatima-na-doma-im-portalima/</link>
      <pubDate>Wed, 25 Sep 2019 00:00:00 +0000</pubDate>
      <author>mislav.sagovac@contentio.biz (Mislav Sagovac)</author>
      <guid>http://croecon.contentio.biz/post/analiza-zatupljenosti-o-predsjedni-kih-kandidatima-na-doma-im-portalima/</guid>
      <description>Nakon ljetnog zatišja, kampanja za predsjedničke izbore od kraja kolovoza opet dobiva momentum. To je vidljivo na donjem grafikonu koji prikazuje tjedno kretanje broja članaka u kojima se spominju predsjednički kandidati na svim važnijim domaćim internetskim portalima. Broj kandidata je još uvijek neslužben i kreće se negdje oko 10ak, a čini se da najveći dio kandidata koristi platformu predsjedničke kampanje za osobnu (političku) promidžbu i nema ozbiljne namjere niti šanse za pobjedu.</description>
    </item>
    
    <item>
      <title>Analiza tekstova u Poslovnom dnevniku</title>
      <link>http://croecon.contentio.biz/post/analiza-teksta-poslovni-dnevnik/</link>
      <pubDate>Mon, 03 Jun 2019 00:00:00 +0000</pubDate>
      <author>mislav.sagovac@contentio.biz (Mislav Sagovac)</author>
      <guid>http://croecon.contentio.biz/post/analiza-teksta-poslovni-dnevnik/</guid>
      <description>Prije nekoliko tjedana, Mislav je započeo seriju eksplorativno-analitičkih postova koji se temelje na specifičnoj jezičnoj analizi teksta. Prvi post je ukazao na eksplorativne potencijale koje takva analiza omogućava na temelju velikog broja tekstova Vecernjeg lista, objavljenih u nešto više od zadnjih godinu dana. Drugi post analitički razmatra neke elemente radikalizma u domaćem političkom diskursu.
Ovaj post nastavak je započete serije postova kojim želim ukazati na potencijal nekih analitičkih metoda koje se, na engleskim tekstovima već uobičajeno koriste.</description>
    </item>
    
  </channel>
</rss>