<?xml version="1.0" encoding="utf-8" standalone="yes" ?>
<rss version="2.0" xmlns:atom="http://www.w3.org/2005/Atom">
  <channel>
    <title>analiza teksta on CroEcon</title>
    <link>http://croecon.contentio.biz/tags/analiza-teksta/</link>
    <description>Recent content in analiza teksta on CroEcon</description>
    <generator>Hugo -- gohugo.io</generator>
    <managingEditor>mislav.sagovac@contentio.biz (Mislav Sagovac)</managingEditor>
    <webMaster>mislav.sagovac@contentio.biz (Mislav Sagovac)</webMaster>
    <lastBuildDate>Wed, 25 Sep 2019 00:00:00 +0000</lastBuildDate>
    
	<atom:link href="http://croecon.contentio.biz/tags/analiza-teksta/index.xml" rel="self" type="application/rss+xml" />
    
    
    <item>
      <title>Analiza zastupljenosti predsjedničkih kandidata na domaćim portalima</title>
      <link>http://croecon.contentio.biz/post/analiza-zatupljenosti-o-predsjedni-kih-kandidatima-na-doma-im-portalima/</link>
      <pubDate>Wed, 25 Sep 2019 00:00:00 +0000</pubDate>
      <author>mislav.sagovac@contentio.biz (Mislav Sagovac)</author>
      <guid>http://croecon.contentio.biz/post/analiza-zatupljenosti-o-predsjedni-kih-kandidatima-na-doma-im-portalima/</guid>
      <description>Nakon ljetnog zatišja, kampanja za predsjedničke izbore od kraja kolovoza opet dobiva momentum. To je vidljivo na donjem grafikonu koji prikazuje tjedno kretanje broja članaka u kojima se spominju predsjednički kandidati na svim važnijim domaćim internetskim portalima. Broj kandidata je još uvijek neslužben i kreće se negdje oko 10ak, a čini se da najveći dio kandidata koristi platformu predsjedničke kampanje za osobnu (političku) promidžbu i nema ozbiljne namjere niti šanse za pobjedu.</description>
    </item>
    
    <item>
      <title>Analiza vijesti o predsjedničkim kandidatima</title>
      <link>http://croecon.contentio.biz/post/analiza-vijesti-o-predsjedni-kim-kandidatima/</link>
      <pubDate>Tue, 30 Jul 2019 00:00:00 +0000</pubDate>
      <author>mislav.sagovac@contentio.biz (Mislav Sagovac)</author>
      <guid>http://croecon.contentio.biz/post/analiza-vijesti-o-predsjedni-kim-kandidatima/</guid>
      <description>Pred kraj 2019. godine će se u Hrvatskoj održati sedmi predsjednički izbori, a neslužbena izborna kampanja već je započela. Iako se još ne zna tko točno sudjeluje u predsjedničkoj utrci, Ante Simonić, Dalija Orešković, Vlaho Orepić, Tomislav Panenić, Katarina Peović, Mislav Kolakušić, Miroslav Škoro, Ivan Pernar i Zoran Milanović se spominju u medijima kao kandidati. Pošto su svi Hrvatski predsjednici do sada, osim Ive Josipovića, zadržali predsjedničku poziciju u trajanju od dva mandata, za očekivati je da će se i aktualna predsjednica, uz statističku prednost, također uključiti u utrku.</description>
    </item>
    
    <item>
      <title>Analiza tekstova u Poslovnom dnevniku</title>
      <link>http://croecon.contentio.biz/post/analiza-teksta-poslovni-dnevnik/</link>
      <pubDate>Mon, 03 Jun 2019 00:00:00 +0000</pubDate>
      <author>mislav.sagovac@contentio.biz (Mislav Sagovac)</author>
      <guid>http://croecon.contentio.biz/post/analiza-teksta-poslovni-dnevnik/</guid>
      <description>Prije nekoliko tjedana, Mislav je započeo seriju eksplorativno-analitičkih postova koji se temelje na specifičnoj jezičnoj analizi teksta. Prvi post je ukazao na eksplorativne potencijale koje takva analiza omogućava na temelju velikog broja tekstova Vecernjeg lista, objavljenih u nešto više od zadnjih godinu dana. Drugi post analitički razmatra neke elemente radikalizma u domaćem političkom diskursu.
Ovaj post nastavak je započete serije postova kojim želim ukazati na potencijal nekih analitičkih metoda koje se, na engleskim tekstovima već uobičajeno koriste.</description>
    </item>
    
    <item>
      <title>Tko više spominje ustaše i fašizam, Novosti ili Večernji?</title>
      <link>http://croecon.contentio.biz/post/tko-vi-e-spominje-usta-e-i-fa-itzam-novosti-ili-ve-ernji/</link>
      <pubDate>Thu, 23 May 2019 00:00:00 +0000</pubDate>
      <author>mislav.sagovac@contentio.biz (Mislav Sagovac)</author>
      <guid>http://croecon.contentio.biz/post/tko-vi-e-spominje-usta-e-i-fa-itzam-novosti-ili-ve-ernji/</guid>
      <description>Portal Novosti često je na meti pojedinih novinara. Primjer je nedavni tekst Nine Raspudića u kojem se autor kritički osvrće na ovaj portal. Navodim neke citate iz teksta:
Nominalno i proračunski tjednik srpske manjine, a koji je postao udomilište za Feralovu siročad, gdje su de facto ti etnički Hrvati zauzeli glasilo srpske manjine, suzili ga na ekstremno-lijevo poziciju i vezali uz partikularne političke opcije pa srpsku manjinu, u čije ime tobože govore i kojoj namijenjena sredstva sisaju, perfidno konfrontiraju s hrvatskom većinom.</description>
    </item>
    
    <item>
      <title>Neiskorišteni potencijalni analize teksta u RH</title>
      <link>http://croecon.contentio.biz/post/neiskori-teni-potencijalni-analize-teksta-u-rh/</link>
      <pubDate>Thu, 11 Apr 2019 00:00:00 +0000</pubDate>
      <author>mislav.sagovac@contentio.biz (Mislav Sagovac)</author>
      <guid>http://croecon.contentio.biz/post/neiskori-teni-potencijalni-analize-teksta-u-rh/</guid>
      <description>Nedavno sam razgovarao s kolegom s Ekonomskog fakulteta o mogućem utjecaju velikih količina podataka na (makro)ekonomiju. U razgovoru smo se dotakli jednog praktičnog primjera o korištenju javno dostupnih, nestrukturiranih, relativno velikih podataka u makroekonomskim istraživanjima. Riječ je o tekstovima koji se nalaze na webu. Dok se podaci statističkih zavoda uglavnom nalaze u strukturiranoj formi, za analizu tekstova dostupnih na webu potrebno je uložiti određeni napor da bi se podatci preuzeli i uredili za statističku ili neku drugu analizu.</description>
    </item>
    
  </channel>
</rss>