<?xml version="1.0" encoding="utf-8" standalone="yes" ?>
<rss version="2.0" xmlns:atom="http://www.w3.org/2005/Atom">
  <channel>
    <title>web scraping on CroEcon</title>
    <link>http://croecon.contentio.biz/tags/web-scraping/</link>
    <description>Recent content in web scraping on CroEcon</description>
    <generator>Hugo -- gohugo.io</generator>
    <managingEditor>mislav.sagovac@contentio.biz (Mislav Sagovac)</managingEditor>
    <webMaster>mislav.sagovac@contentio.biz (Mislav Sagovac)</webMaster>
    <lastBuildDate>Wed, 25 Sep 2019 00:00:00 +0000</lastBuildDate>
    
	<atom:link href="http://croecon.contentio.biz/tags/web-scraping/index.xml" rel="self" type="application/rss+xml" />
    
    
    <item>
      <title>Analiza zastupljenosti predsjedničkih kandidata na domaćim portalima</title>
      <link>http://croecon.contentio.biz/post/analiza-zatupljenosti-o-predsjedni-kih-kandidatima-na-doma-im-portalima/</link>
      <pubDate>Wed, 25 Sep 2019 00:00:00 +0000</pubDate>
      <author>mislav.sagovac@contentio.biz (Mislav Sagovac)</author>
      <guid>http://croecon.contentio.biz/post/analiza-zatupljenosti-o-predsjedni-kih-kandidatima-na-doma-im-portalima/</guid>
      <description>Nakon ljetnog zatišja, kampanja za predsjedničke izbore od kraja kolovoza opet dobiva momentum. To je vidljivo na donjem grafikonu koji prikazuje tjedno kretanje broja članaka u kojima se spominju predsjednički kandidati na svim važnijim domaćim internetskim portalima. Broj kandidata je još uvijek neslužben i kreće se negdje oko 10ak, a čini se da najveći dio kandidata koristi platformu predsjedničke kampanje za osobnu (političku) promidžbu i nema ozbiljne namjere niti šanse za pobjedu.</description>
    </item>
    
    <item>
      <title>Prikupljanje e-malova sa velikog broja web stranica</title>
      <link>http://croecon.contentio.biz/post/prikupljanje-e-malova-sa-velikog-broja-web-stranica/</link>
      <pubDate>Thu, 01 Aug 2019 00:00:00 +0000</pubDate>
      <author>mislav.sagovac@contentio.biz (Mislav Sagovac)</author>
      <guid>http://croecon.contentio.biz/post/prikupljanje-e-malova-sa-velikog-broja-web-stranica/</guid>
      <description>U predzadnjem postu sam prikazao kako preuzeti e-mail adrese sadržane unutar slike (.img) sa web stranice. Međutim, mnogo češće se email-ovi nalaze unutar &amp;lt;a&amp;gt; html taga ili kao čisti tekst. U ovom postu ću prikazati kako preuzeti e-mail adrese sa web stranica u tom slučaju. Post može biti zanimljiv svima koje žele raditi ciljane e-mail kampanje programski i tako zaobići ručno preuzimanje podataka sa web stranica.
Nedavno sam htio preuzeti e-mail adrese leasing kuća u Hrvatskoj.</description>
    </item>
    
    <item>
      <title>Kako preuzeti e-mailove sa web stranice pomoću R-a?</title>
      <link>http://croecon.contentio.biz/post/kako-preuzeti-e-mailove-sa-web-stranice-pomo-u-r-a/</link>
      <pubDate>Thu, 25 Jul 2019 00:00:00 +0000</pubDate>
      <author>mislav.sagovac@contentio.biz (Mislav Sagovac)</author>
      <guid>http://croecon.contentio.biz/post/kako-preuzeti-e-mailove-sa-web-stranice-pomo-u-r-a/</guid>
      <description>Mali poduzetnici do novih potencijalnih klijenta dolaze na četiri glavna načina: poštom, e-mailom, hladnim pozivom ili preporukom. Iako postoji cijela teorija marketinga o tome kako doći do novih klijenata, prvi kontakt se u većini slučajeva temelji na ove 4 jednostavne tehnike (barem kada je riječ o B2B prodaji). U ovom postu ću pokazati kako se pomoću programskog jezika R može relativno jednostavno prikupiti javno dostupne e-mail adrese sa određene stranice.</description>
    </item>
    
  </channel>
</rss>