<?xml version="1.0" encoding="utf-8" standalone="yes" ?>
<rss version="2.0" xmlns:atom="http://www.w3.org/2005/Atom">
  <channel>
    <title>Međunarodna razmjena on CroEcon</title>
    <link>http://croecon.contentio.biz/categories/me%C4%91unarodna-razmjena/</link>
    <description>Recent content in Međunarodna razmjena on CroEcon</description>
    <generator>Hugo -- gohugo.io</generator>
    <managingEditor>mislav.sagovac@contentio.biz (Mislav Sagovac)</managingEditor>
    <webMaster>mislav.sagovac@contentio.biz (Mislav Sagovac)</webMaster>
    <lastBuildDate>Mon, 04 Nov 2019 00:00:00 +0000</lastBuildDate>
    
	<atom:link href="http://croecon.contentio.biz/categories/me%C4%91unarodna-razmjena/index.xml" rel="self" type="application/rss+xml" />
    
    
    <item>
      <title>Globalizacija je dobra za sve, ali loša za neke</title>
      <link>http://croecon.contentio.biz/post/globalizacija-je-dobra-za-sve-ali-lo-a-za-neke/</link>
      <pubDate>Mon, 04 Nov 2019 00:00:00 +0000</pubDate>
      <author>mislav.sagovac@contentio.biz (Mislav Sagovac)</author>
      <guid>http://croecon.contentio.biz/post/globalizacija-je-dobra-za-sve-ali-lo-a-za-neke/</guid>
      <description>Povodom nadolazećeg blagdana Svih svetih, prekjučer je na Dnevniku HRT-a prikazan prilog o proizvođačima cvijeća. Novinarka je intervjuirala nekoliko vlasnika OPG-a, koji su prezentirali svoj asortiman cvijeća i govorili o dobrim i lošim stranama svog posla. Najveću prepreku sadašnjem, a posebno budućem poslovanju, vide u povećanom uvozu cvijeća. U prilogu je istaknuto da je uvoz cvijeća ove godine porastao za 5%, a najveći rast uvoza odnosi se na uvoz cvijeća iz Nizozemske.</description>
    </item>
    
    <item>
      <title>Zašto su cijene prehrambenih proizvoda u Njemačkoj iste kao i cijene istih proizvoda u Hrvatskoj?</title>
      <link>http://croecon.contentio.biz/post/za-to-su-cijene-prehrambenih-proizvoda-u-njema-koj-iste-kao-i-cijene-istih-proizvoda-u-hrvatskoj/</link>
      <pubDate>Sat, 27 Apr 2019 00:00:00 +0000</pubDate>
      <author>mislav.sagovac@contentio.biz (Mislav Sagovac)</author>
      <guid>http://croecon.contentio.biz/post/za-to-su-cijene-prehrambenih-proizvoda-u-njema-koj-iste-kao-i-cijene-istih-proizvoda-u-hrvatskoj/</guid>
      <description>Svakih nekoliko tjedana, u medijima se pojavi tekst ili video u kojem se uspoređuju cijene proizvoda u Hrvatskoj i Njemačkoj (ili nekoj drugoj razvijenoj zemlji). Jedan od takvih videa izašao je na večernjem.hr prije 10 dana, a možete ga pogledati na sljedećoj poveznici. Autor videa živi u Njemačkoj, dok supruga živi u Hrvatskoj. Oboje su kupovali iste prehrambene proizvode u Njemačkoj i Hrvatskoj, u istom trgovačkom lancu, te potom usporedili cijene proizvoda.</description>
    </item>
    
    <item>
      <title>Izvoznici i uvoznici su najčešće iste tvrtke</title>
      <link>http://croecon.contentio.biz/post/izvoznici-i-uvoznici-su-naj-e-e-iste-tvrtke/</link>
      <pubDate>Sun, 09 Dec 2018 00:00:00 +0000</pubDate>
      <author>mislav.sagovac@contentio.biz (Mislav Sagovac)</author>
      <guid>http://croecon.contentio.biz/post/izvoznici-i-uvoznici-su-naj-e-e-iste-tvrtke/</guid>
      <description>## Warning in .local(conn, statement, ...): Decimal MySQL column 28 imported## as numericU prošlom postu sam analizirao koncentriranost uvozne i izvozne aktivnosti u RH. Većina izvozne i uvozne aktivnosti odnosi se na mali postotak velikih poduzeća. Primjerice 1% najvećih izvoznika čini 87.8% ukupnog izvoza, a 20 najvećih uvoznika čini čak 25% ukupnog uvoza nefinancijskih poduzeća. Na temelju pregleda podataka o međunarodnoj razmjeni uočava se kako su veliki izvoznici u pravilu i veliki uvoznici.</description>
    </item>
    
    <item>
      <title>Koncentriranost izvoza i uvoza u RH</title>
      <link>http://croecon.contentio.biz/post/izvoz-i-uvoz-su-visokokoncentrirane-aktivnosti/</link>
      <pubDate>Thu, 06 Dec 2018 00:00:00 +0000</pubDate>
      <author>mislav.sagovac@contentio.biz (Mislav Sagovac)</author>
      <guid>http://croecon.contentio.biz/post/izvoz-i-uvoz-su-visokokoncentrirane-aktivnosti/</guid>
      <description>## Warning in .local(conn, statement, ...): Decimal MySQL column 28 imported## as numericFokus literature iz područja međunarodne razmjene u posljednjih 20-ak godina prešao je s analize makroekonomskih agregatnih tokova roba i usluga na analizu obilježja međunarodne razmjene nefinancijskih poduzeća. Mikroekonomska analiza međunarodne trgovine naglašava važnost stupnja participacije poduzeća u međunarodnoj razmjeni,a rezultati nedvojbeno pokazuju da postoji vrlo mali broj uvoznih i izvoznih firmi među proizvodnim poduzećima, kako u razvijenim, tako i u nerazvijenim zemljama.</description>
    </item>
    
  </channel>
</rss>