<?xml version="1.0" encoding="utf-8" standalone="yes" ?>
<rss version="2.0" xmlns:atom="http://www.w3.org/2005/Atom">
  <channel>
    <title>Financije on CroEcon</title>
    <link>http://croecon.contentio.biz/categories/financije/</link>
    <description>Recent content in Financije on CroEcon</description>
    <generator>Hugo -- gohugo.io</generator>
    <managingEditor>mislav.sagovac@contentio.biz (Mislav Sagovac)</managingEditor>
    <webMaster>mislav.sagovac@contentio.biz (Mislav Sagovac)</webMaster>
    <lastBuildDate>Wed, 20 Mar 2019 00:00:00 +0000</lastBuildDate>
    
	<atom:link href="http://croecon.contentio.biz/categories/financije/index.xml" rel="self" type="application/rss+xml" />
    
    
    <item>
      <title>Predviđanje cijene dionica pomoću modela dubokog učenja</title>
      <link>http://croecon.contentio.biz/post/predvi-anje-cijene-dionica-uz-pomo-u-modela-dubokog-u-enja/</link>
      <pubDate>Wed, 20 Mar 2019 00:00:00 +0000</pubDate>
      <author>mislav.sagovac@contentio.biz (Mislav Sagovac)</author>
      <guid>http://croecon.contentio.biz/post/predvi-anje-cijene-dionica-uz-pomo-u-modela-dubokog-u-enja/</guid>
      <description>Prošli tjedan sam započeo novi hobistički projekt. Riječ je o analizi dionica u Hrvatskoj i susjednim zemljama. Konačan broj zemalja koji će biti uključen u analizu ovisit će politici otvorenosti podataka pojedinih burzi. Projekt ću kontinuirano prezentirati na ovom blogu, na novoj Shiny aplikaciji koju ću razvijati isključivo za ovu svrhu i Github repozitoriju, odnosno R paketu koji će sadržavati sve ključne funkcije važne za projekt. Cilj je više edukativni: primjenom statističkih modela za predikciju cijena dionica upoznati sebe, ali i zainteresirane čitatelje sa klasičnim i state of the art modelima za predikciju vremenskih serija (cijena dionice).</description>
    </item>
    
  </channel>
</rss>