<?xml version="1.0" encoding="utf-8" standalone="yes" ?>
<rss version="2.0" xmlns:atom="http://www.w3.org/2005/Atom">
  <channel>
    <title>fdi on CroEcon</title>
    <link>http://croecon.contentio.biz/tags/fdi/</link>
    <description>Recent content in fdi on CroEcon</description>
    <generator>Hugo -- gohugo.io</generator>
    <managingEditor>mislav.sagovac@contentio.biz (Mislav Sagovac)</managingEditor>
    <webMaster>mislav.sagovac@contentio.biz (Mislav Sagovac)</webMaster>
    <lastBuildDate>Wed, 24 Apr 2019 00:00:00 +0000</lastBuildDate>
    
	<atom:link href="http://croecon.contentio.biz/tags/fdi/index.xml" rel="self" type="application/rss+xml" />
    
    
    <item>
      <title>Interaktivni pregled podataka HNB o izravnim inozemim ulaganljima</title>
      <link>http://croecon.contentio.biz/post/interaktivni-pregled-podataka-hnb-o-izravnim-inozemim-ulaganljima/</link>
      <pubDate>Wed, 24 Apr 2019 00:00:00 +0000</pubDate>
      <author>mislav.sagovac@contentio.biz (Mislav Sagovac)</author>
      <guid>http://croecon.contentio.biz/post/interaktivni-pregled-podataka-hnb-o-izravnim-inozemim-ulaganljima/</guid>
      <description>Prije nekoliko tjedana sam analizirao prilike u domaćim tvrtkama koje su u vlasništvu stranih rezidenata. Pregled je pokazao da strani sektor posluje na višoj razini produktivnosti i profitabilnosti od domaćeg te da su strane tvrtke otpornije na ekonomske šokove od domaćih, a osim stabilizacije poslovnog ciklusa, strane tvrtke doprinose i dugoročnom rastu, primjerice kroz povećanje opće tehnološke granice. Ta je analiza napravljena na osnovi podataka o poslovanju tvrtki i kao takva govori o efektima izravnih inozemnih ulaganja.</description>
    </item>
    
  </channel>
</rss>