<?xml version="1.0" encoding="utf-8" standalone="yes" ?>
<rss version="2.0" xmlns:atom="http://www.w3.org/2005/Atom">
  <channel>
    <title>Pages on CroEcon</title>
    <link>http://croecon.contentio.biz/page/</link>
    <description>Recent content in Pages on CroEcon</description>
    <generator>Hugo -- gohugo.io</generator>
    <managingEditor>mislav.sagovac@contentio.biz (Mislav Sagovac)</managingEditor>
    <webMaster>mislav.sagovac@contentio.biz (Mislav Sagovac)</webMaster>
    
	<atom:link href="http://croecon.contentio.biz/page/index.xml" rel="self" type="application/rss+xml" />
    
    
    <item>
      <title>Newsletter</title>
      <link>http://croecon.contentio.biz/page/subscribe/</link>
      <pubDate>Mon, 01 Jan 0001 00:00:00 +0000</pubDate>
      <author>mislav.sagovac@contentio.biz (Mislav Sagovac)</author>
      <guid>http://croecon.contentio.biz/page/subscribe/</guid>
      <description>Hvala Vam što čitate naš blog!
Preplatite se na naš email newsletter ili na RSS feed</description>
    </item>
    
    <item>
      <title>O blogu</title>
      <link>http://croecon.contentio.biz/page/about/</link>
      <pubDate>Mon, 01 Jan 0001 00:00:00 +0000</pubDate>
      <author>mislav.sagovac@contentio.biz (Mislav Sagovac)</author>
      <guid>http://croecon.contentio.biz/page/about/</guid>
      <description>Dobrodošli na Croecon, blog o data scienc-u i hrvatskoj ekonomiji. Cilj bloga je pružiti što više podataka i statističkih uvida o stanju i položaju hrvatske ekonomije. U blogu se piše i o primjeni data science alata općenito.
Autori koji pišu na blogu su: Mislav Šagovac, Luka Šikić.</description>
    </item>
    
  </channel>
</rss>