<?xml version="1.0" encoding="utf-8" standalone="yes" ?>
<rss version="2.0" xmlns:atom="http://www.w3.org/2005/Atom">
  <channel>
    <title>Blokirani on CroEcon</title>
    <link>http://croecon.contentio.biz/tags/blokirani/</link>
    <description>Recent content in Blokirani on CroEcon</description>
    <generator>Hugo -- gohugo.io</generator>
    <managingEditor>mislav.sagovac@contentio.biz (Mislav Sagovac)</managingEditor>
    <webMaster>mislav.sagovac@contentio.biz (Mislav Sagovac)</webMaster>
    <lastBuildDate>Thu, 02 Apr 2020 00:00:00 +0000</lastBuildDate>
    
	<atom:link href="http://croecon.contentio.biz/tags/blokirani/index.xml" rel="self" type="application/rss+xml" />
    
    
    <item>
      <title>Ekonomski aspekti COVID-19 na domaću ekonomiju</title>
      <link>http://croecon.contentio.biz/post/ekonomski-aspekti-covid-19-na-doma-u-ekonomiju/</link>
      <pubDate>Thu, 02 Apr 2020 00:00:00 +0000</pubDate>
      <author>mislav.sagovac@contentio.biz (Mislav Sagovac)</author>
      <guid>http://croecon.contentio.biz/post/ekonomski-aspekti-covid-19-na-doma-u-ekonomiju/</guid>
      <description>Od zadnjeg objavljenog posta do danas se svijet u kojem živimo jako promijenio uslijed pandemije SARS-Cov-2 virusa (COVID-19 bolest) koji je zaustavio, ionako oslabljenu globalizaciju i započeo okretanje prema lokalnoj, Polany-evskoj ekonomiji. Usprkos takvom obratu, u javnosti se pojavljuje teza da i u ovakvoj situaciji mehanizam prilagodbe treba prepustiti tržištu, to jest pustiti da pogođene tvrtke propadnu, a prežive one koje će imati dovoljno „zaliha“ za financiranje tekućih gubitaka. Međutim, samim zatvaranjem firmi i uvođenjem karantene prestali su funkcionirati tržišni mehanizmi.</description>
    </item>
    
    <item>
      <title>3 mjere za prevladavanje problema blokiranih građana</title>
      <link>http://croecon.contentio.biz/post/3-mjere-za-prevladavanje-problema-blokiranih-gra-ana/</link>
      <pubDate>Mon, 26 Mar 2018 00:00:00 +0000</pubDate>
      <author>mislav.sagovac@contentio.biz (Mislav Sagovac)</author>
      <guid>http://croecon.contentio.biz/post/3-mjere-za-prevladavanje-problema-blokiranih-gra-ana/</guid>
      <description>Vlada trenutno priprema novi ovršni Zakon i skup mjera koji bi trebao pomoći građanima s blokiranim računima. Gotovo svi, od političkih stranaka, do raznih udruga, daju svoje prijedloge za prevladavanje problema blokiranih. Jedni tvrde da ne treba pokretati ovrhe kod kojih je glavnica manja od 2.700 kn. Drugi smatraju da bi cijeli ovršni postupak trebalo vratiti sudovima. Sudac Kolakušić smatra da bi svaka strana trebala snositi svoj trošak u ovršnom postupku.</description>
    </item>
    
  </channel>
</rss>