<?xml version="1.0" encoding="utf-8" standalone="yes" ?>
<rss version="2.0" xmlns:atom="http://www.w3.org/2005/Atom">
  <channel>
    <title>email on CroEcon</title>
    <link>http://croecon.contentio.biz/tags/email/</link>
    <description>Recent content in email on CroEcon</description>
    <generator>Hugo -- gohugo.io</generator>
    <managingEditor>mislav.sagovac@contentio.biz (Mislav Sagovac)</managingEditor>
    <webMaster>mislav.sagovac@contentio.biz (Mislav Sagovac)</webMaster>
    <lastBuildDate>Thu, 01 Aug 2019 00:00:00 +0000</lastBuildDate>
    
	<atom:link href="http://croecon.contentio.biz/tags/email/index.xml" rel="self" type="application/rss+xml" />
    
    
    <item>
      <title>Prikupljanje e-malova sa velikog broja web stranica</title>
      <link>http://croecon.contentio.biz/post/prikupljanje-e-malova-sa-velikog-broja-web-stranica/</link>
      <pubDate>Thu, 01 Aug 2019 00:00:00 +0000</pubDate>
      <author>mislav.sagovac@contentio.biz (Mislav Sagovac)</author>
      <guid>http://croecon.contentio.biz/post/prikupljanje-e-malova-sa-velikog-broja-web-stranica/</guid>
      <description>U predzadnjem postu sam prikazao kako preuzeti e-mail adrese sadržane unutar slike (.img) sa web stranice. Međutim, mnogo češće se email-ovi nalaze unutar &amp;lt;a&amp;gt; html taga ili kao čisti tekst. U ovom postu ću prikazati kako preuzeti e-mail adrese sa web stranica u tom slučaju. Post može biti zanimljiv svima koje žele raditi ciljane e-mail kampanje programski i tako zaobići ručno preuzimanje podataka sa web stranica.
Nedavno sam htio preuzeti e-mail adrese leasing kuća u Hrvatskoj.</description>
    </item>
    
  </channel>
</rss>