<?xml version="1.0" encoding="utf-8" standalone="yes" ?>
<rss version="2.0" xmlns:atom="http://www.w3.org/2005/Atom">
  <channel>
    <title>Makroekonomija on CroEcon</title>
    <link>http://croecon.contentio.biz/categories/makroekonomija/</link>
    <description>Recent content in Makroekonomija on CroEcon</description>
    <generator>Hugo -- gohugo.io</generator>
    <managingEditor>mislav.sagovac@contentio.biz (Mislav Sagovac)</managingEditor>
    <webMaster>mislav.sagovac@contentio.biz (Mislav Sagovac)</webMaster>
    <lastBuildDate>Thu, 02 Apr 2020 00:00:00 +0000</lastBuildDate>
    
	<atom:link href="http://croecon.contentio.biz/categories/makroekonomija/index.xml" rel="self" type="application/rss+xml" />
    
    
    <item>
      <title>Ekonomski aspekti COVID-19 na domaću ekonomiju</title>
      <link>http://croecon.contentio.biz/post/ekonomski-aspekti-covid-19-na-doma-u-ekonomiju/</link>
      <pubDate>Thu, 02 Apr 2020 00:00:00 +0000</pubDate>
      <author>mislav.sagovac@contentio.biz (Mislav Sagovac)</author>
      <guid>http://croecon.contentio.biz/post/ekonomski-aspekti-covid-19-na-doma-u-ekonomiju/</guid>
      <description>Od zadnjeg objavljenog posta do danas se svijet u kojem živimo jako promijenio uslijed pandemije SARS-Cov-2 virusa (COVID-19 bolest) koji je zaustavio, ionako oslabljenu globalizaciju i započeo okretanje prema lokalnoj, Polany-evskoj ekonomiji. Usprkos takvom obratu, u javnosti se pojavljuje teza da i u ovakvoj situaciji mehanizam prilagodbe treba prepustiti tržištu, to jest pustiti da pogođene tvrtke propadnu, a prežive one koje će imati dovoljno „zaliha“ za financiranje tekućih gubitaka. Međutim, samim zatvaranjem firmi i uvođenjem karantene prestali su funkcionirati tržišni mehanizmi.</description>
    </item>
    
    <item>
      <title>QuantEcon projekt ili kako napraviti *cutting edge* kolegij</title>
      <link>http://croecon.contentio.biz/post/quantecon-projekt-ili-kako-napraviti-cutting-edge-kolegij/</link>
      <pubDate>Wed, 20 Feb 2019 00:00:00 +0000</pubDate>
      <author>mislav.sagovac@contentio.biz (Mislav Sagovac)</author>
      <guid>http://croecon.contentio.biz/post/quantecon-projekt-ili-kako-napraviti-cutting-edge-kolegij/</guid>
      <description>U ovom postu želim podijeliti svoje oduševljenje sa online platformom za podučavanje kvantitativne makroekonomiju te prikazati kako se pripadajući programski kodovi (modeli), pisani u Pythonu, mogu implementirati u programskom jeziku R. Riječ je o stranici Quantitative macroeconomics, čiji su autori T. Sargent i J. Stachurski. Stranica me nije oduševila zbog vrste kolegija na koji se odnosi (kvantitativna makroekonomija), već zbog upotrebe modernih alata u podučavanju tehnički zahtjevnog i kompleksnog područja.</description>
    </item>
    
  </channel>
</rss>