<?xml version="1.0" encoding="utf-8" standalone="yes" ?>
<rss version="2.0" xmlns:atom="http://www.w3.org/2005/Atom">
  <channel>
    <title>prduktivnost on CroEcon</title>
    <link>http://croecon.contentio.biz/tags/prduktivnost/</link>
    <description>Recent content in prduktivnost on CroEcon</description>
    <generator>Hugo -- gohugo.io</generator>
    <managingEditor>mislav.sagovac@contentio.biz (Mislav Sagovac)</managingEditor>
    <webMaster>mislav.sagovac@contentio.biz (Mislav Sagovac)</webMaster>
    <lastBuildDate>Thu, 03 Jan 2019 00:00:00 +0000</lastBuildDate>
    
	<atom:link href="http://croecon.contentio.biz/tags/prduktivnost/index.xml" rel="self" type="application/rss+xml" />
    
    
    <item>
      <title>R&amp;D hrvatskih poduzeća</title>
      <link>http://croecon.contentio.biz/post/r-d-hrvatskih-poduze-a/</link>
      <pubDate>Thu, 03 Jan 2019 00:00:00 +0000</pubDate>
      <author>mislav.sagovac@contentio.biz (Mislav Sagovac)</author>
      <guid>http://croecon.contentio.biz/post/r-d-hrvatskih-poduze-a/</guid>
      <description>Izdatci za istraživanje i razvoj (RnD) nisu posebno bitna tema u Hrvatskoj. Pokazatelj toga je izrazito malen broj novinarskih članaka, rasprava ali i znanstvenih radova koji se bave tom temom. Sa druge strane, ekonomska teorija jasno pokazuje kako ulaganje u RnD ima ključnu ulogu u formiranju vlastitih tehnoloških ali i apsorpcijskih (bitnih za uspješno usvajanje tehnologije iz inozemstva) kapaciteta zemlje pa je tako opravdano pretpostaviti da je ulaganje u RnD od velike važnosti za smanjenje tehnološkog i razvojnog jaza u Hrvatskoj.</description>
    </item>
    
  </channel>
</rss>