<?xml version="1.0" encoding="utf-8" standalone="yes" ?>
<rss version="2.0" xmlns:atom="http://www.w3.org/2005/Atom">
  <channel>
    <title>Ekonomika on CroEcon</title>
    <link>http://croecon.contentio.biz/categories/ekonomika/</link>
    <description>Recent content in Ekonomika on CroEcon</description>
    <generator>Hugo -- gohugo.io</generator>
    <managingEditor>mislav.sagovac@contentio.biz (Mislav Sagovac)</managingEditor>
    <webMaster>mislav.sagovac@contentio.biz (Mislav Sagovac)</webMaster>
    <lastBuildDate>Thu, 18 Jun 2020 00:00:00 +0000</lastBuildDate>
    
	<atom:link href="http://croecon.contentio.biz/categories/ekonomika/index.xml" rel="self" type="application/rss+xml" />
    
    
    <item>
      <title>Geografija usluznog sektora</title>
      <link>http://croecon.contentio.biz/post/geografija-usluznog-sektora/</link>
      <pubDate>Thu, 18 Jun 2020 00:00:00 +0000</pubDate>
      <author>mislav.sagovac@contentio.biz (Mislav Sagovac)</author>
      <guid>http://croecon.contentio.biz/post/geografija-usluznog-sektora/</guid>
      <description>Društvo uslugaO porastu važnosti uslužnog sektora u svijetu i Hrvatskoj je već bilo govora na ovom blogu. Uglavnom sam promatrao trendove i razloge koji stoje iza rasta uslužnih djelatnosti ili trendove unutar uslužnog sektora. Podatci za Hrvatsku pokazuju trend rasta važnosti uslužnih djelatnosti prema relativnim udjelima EU i OECD zemalja u zadnjih 15ak godina i nastavak dugoročnog deindustrijalizacijskog trenda u započetog 1970-ih godina. Analiza mi također pokazuje da je glavni razlog povećanja važnosti uslužnih djelatnosti u Hrvatskoj uglavnom opći porast dohotka/potrošnje, a postoje i naznake da domaći sektor digitalne ekonomije ima važnu ulogu u povećanju općeg tehnološkog kapaciteta i napretka.</description>
    </item>
    
    <item>
      <title>Ekonomski aspekti COVID-19 na domaću ekonomiju</title>
      <link>http://croecon.contentio.biz/post/ekonomski-aspekti-covid-19-na-doma-u-ekonomiju/</link>
      <pubDate>Thu, 02 Apr 2020 00:00:00 +0000</pubDate>
      <author>mislav.sagovac@contentio.biz (Mislav Sagovac)</author>
      <guid>http://croecon.contentio.biz/post/ekonomski-aspekti-covid-19-na-doma-u-ekonomiju/</guid>
      <description>Od zadnjeg objavljenog posta do danas se svijet u kojem živimo jako promijenio uslijed pandemije SARS-Cov-2 virusa (COVID-19 bolest) koji je zaustavio, ionako oslabljenu globalizaciju i započeo okretanje prema lokalnoj, Polany-evskoj ekonomiji. Usprkos takvom obratu, u javnosti se pojavljuje teza da i u ovakvoj situaciji mehanizam prilagodbe treba prepustiti tržištu, to jest pustiti da pogođene tvrtke propadnu, a prežive one koje će imati dovoljno „zaliha“ za financiranje tekućih gubitaka. Međutim, samim zatvaranjem firmi i uvođenjem karantene prestali su funkcionirati tržišni mehanizmi.</description>
    </item>
    
    <item>
      <title>Globalizacija je dobra za sve, ali loša za neke</title>
      <link>http://croecon.contentio.biz/post/globalizacija-je-dobra-za-sve-ali-lo-a-za-neke/</link>
      <pubDate>Mon, 04 Nov 2019 00:00:00 +0000</pubDate>
      <author>mislav.sagovac@contentio.biz (Mislav Sagovac)</author>
      <guid>http://croecon.contentio.biz/post/globalizacija-je-dobra-za-sve-ali-lo-a-za-neke/</guid>
      <description>Povodom nadolazećeg blagdana Svih svetih, prekjučer je na Dnevniku HRT-a prikazan prilog o proizvođačima cvijeća. Novinarka je intervjuirala nekoliko vlasnika OPG-a, koji su prezentirali svoj asortiman cvijeća i govorili o dobrim i lošim stranama svog posla. Najveću prepreku sadašnjem, a posebno budućem poslovanju, vide u povećanom uvozu cvijeća. U prilogu je istaknuto da je uvoz cvijeća ove godine porastao za 5%, a najveći rast uvoza odnosi se na uvoz cvijeća iz Nizozemske.</description>
    </item>
    
    <item>
      <title>Analiza investicija u RH u posljednjih 15 godina</title>
      <link>http://croecon.contentio.biz/post/analiza-investicija-u-rh-u-posljednjih-15-godina/</link>
      <pubDate>Thu, 24 Oct 2019 00:00:00 +0000</pubDate>
      <author>mislav.sagovac@contentio.biz (Mislav Sagovac)</author>
      <guid>http://croecon.contentio.biz/post/analiza-investicija-u-rh-u-posljednjih-15-godina/</guid>
      <description>Prošli tjedan sam u koautorstvu s prof. Ticom, za skup koje organizira Hrvatsko društvo ekonomista, napisao tekst o dinamici i strukturi investicija nefinancijskih poduzeća u RH. U ovom postu ću iznijeti neke zanimljive nalaze iz te analize. Analiza koristi podatke različite razine agregacije pa su osim uobičajenih makro podataka (Eurostat, HNB, DZS) u radu korišteni i mikro podaci iz GFI-ova što omogućuje dublji uvid o naravi investicija u dugom razdoblju (uzorak uključuje panel podatke za razdoblje od 2000.</description>
    </item>
    
    <item>
      <title>Hrvatska - od postindustrijskog do postmaterijalističkog društva!?</title>
      <link>http://croecon.contentio.biz/post/hrvatska-od-postindustrijskog-do-postmaterijalisti-kog-dru-tva/</link>
      <pubDate>Mon, 24 Jun 2019 00:00:00 +0000</pubDate>
      <author>mislav.sagovac@contentio.biz (Mislav Sagovac)</author>
      <guid>http://croecon.contentio.biz/post/hrvatska-od-postindustrijskog-do-postmaterijalisti-kog-dru-tva/</guid>
      <description>U ekonomsko-političkom diskursu se često čuje kako Hrvatska ima nepovoljnu proizvodnu strukturu gospodarstva, prije svega zbog smanjenja relativne veličine proizvodnog sektora i porasta važnosti uslužnih djelatnosti. Na osnovi takvog shvaćanja, političari, a i jedan dio domaćih ekonomista, predlažu zaokret u ekonomskoj politici koja bi trebala ići u smjeru poticanja proizvodnje ili barem zaustavljanja procesa deindustrijalizacije. Deindustrijalizacijski proces u Hrvatskoj tako postaje dnevno-politička tema u kojoj se zanemaruju gotovo svi njegovi važni elementi.</description>
    </item>
    
    <item>
      <title>Razlozi za podržavanje sindikalne incijative</title>
      <link>http://croecon.contentio.biz/post/razlozi-za-podr-avanje-sindikalne-incijative/</link>
      <pubDate>Thu, 09 May 2019 00:00:00 +0000</pubDate>
      <author>mislav.sagovac@contentio.biz (Mislav Sagovac)</author>
      <guid>http://croecon.contentio.biz/post/razlozi-za-podr-avanje-sindikalne-incijative/</guid>
      <description>Sindikalna inicijativa “67 je previše” počela je nedavno prikupljati potpise za raspisivanje referenduma o izmjenama Zakona o mirovinskom osiguranju. Inicijativa kao glavni cilj želi spriječiti dizanje dobne granice za odlazak u punu mirovinu na 67 godina. U referendumsku inicijativu su uključene tri sindikalne središnjice, a osim smanjenja granice za odlazak u starosnu imovinu se traži uvođenje mogućnosti stjecanja prava na prijevremenu mirovinu sa 60 godina i da se penalizacija zbog prijevremene mirovine smanji s 0,3 na 0,2 posto.</description>
    </item>
    
    <item>
      <title>Zašto su cijene prehrambenih proizvoda u Njemačkoj iste kao i cijene istih proizvoda u Hrvatskoj?</title>
      <link>http://croecon.contentio.biz/post/za-to-su-cijene-prehrambenih-proizvoda-u-njema-koj-iste-kao-i-cijene-istih-proizvoda-u-hrvatskoj/</link>
      <pubDate>Sat, 27 Apr 2019 00:00:00 +0000</pubDate>
      <author>mislav.sagovac@contentio.biz (Mislav Sagovac)</author>
      <guid>http://croecon.contentio.biz/post/za-to-su-cijene-prehrambenih-proizvoda-u-njema-koj-iste-kao-i-cijene-istih-proizvoda-u-hrvatskoj/</guid>
      <description>Svakih nekoliko tjedana, u medijima se pojavi tekst ili video u kojem se uspoređuju cijene proizvoda u Hrvatskoj i Njemačkoj (ili nekoj drugoj razvijenoj zemlji). Jedan od takvih videa izašao je na večernjem.hr prije 10 dana, a možete ga pogledati na sljedećoj poveznici. Autor videa živi u Njemačkoj, dok supruga živi u Hrvatskoj. Oboje su kupovali iste prehrambene proizvode u Njemačkoj i Hrvatskoj, u istom trgovačkom lancu, te potom usporedili cijene proizvoda.</description>
    </item>
    
    <item>
      <title>Interaktivni pregled podataka HNB o izravnim inozemim ulaganljima</title>
      <link>http://croecon.contentio.biz/post/interaktivni-pregled-podataka-hnb-o-izravnim-inozemim-ulaganljima/</link>
      <pubDate>Wed, 24 Apr 2019 00:00:00 +0000</pubDate>
      <author>mislav.sagovac@contentio.biz (Mislav Sagovac)</author>
      <guid>http://croecon.contentio.biz/post/interaktivni-pregled-podataka-hnb-o-izravnim-inozemim-ulaganljima/</guid>
      <description>Prije nekoliko tjedana sam analizirao prilike u domaćim tvrtkama koje su u vlasništvu stranih rezidenata. Pregled je pokazao da strani sektor posluje na višoj razini produktivnosti i profitabilnosti od domaćeg te da su strane tvrtke otpornije na ekonomske šokove od domaćih, a osim stabilizacije poslovnog ciklusa, strane tvrtke doprinose i dugoročnom rastu, primjerice kroz povećanje opće tehnološke granice. Ta je analiza napravljena na osnovi podataka o poslovanju tvrtki i kao takva govori o efektima izravnih inozemnih ulaganja.</description>
    </item>
    
    <item>
      <title>Productivity puzzle i digitalna ekonomija u RH</title>
      <link>http://croecon.contentio.biz/post/productivity-puzzle-i-digitalna-ekonomija-u-rh/</link>
      <pubDate>Mon, 08 Apr 2019 00:00:00 +0000</pubDate>
      <author>mislav.sagovac@contentio.biz (Mislav Sagovac)</author>
      <guid>http://croecon.contentio.biz/post/productivity-puzzle-i-digitalna-ekonomija-u-rh/</guid>
      <description>Iako u ekonomskoj znanosti ne postoji konsenzus oko toga što točno jesu tehnologija i produktivnost, većinsko je uvjerenje ekonomista da je produktivnost ključni faktor ekonomskog rasta. U tom kontekstu trend globalnog usporavanja produktivnosti je zabrinjavajući. Taj je fenomen dodatno izražen u europskim zemljama, među kojima postoje znatne razlike u tehnološkim kapacitetima i kretanjima. Tehnološke razlike najizraženije su između novih i starih članica ali i sjevera naspram juga Europe. S obzirom na ekspanziju digitalne ekonomije i njezinih očekivanih tehnoloških dobitaka, slab rast produktivnosti na globalnoj razini, svojevrsna je zagonetka ali i razlog za zabrinutost.</description>
    </item>
    
    <item>
      <title>Izravna strana ulaganja:pozitivni efekti koji mogu biti i veći!</title>
      <link>http://croecon.contentio.biz/post/izravna-strana-ulaganja-pozitivni-efekti-koji-mogu-biti-i-ve-i/</link>
      <pubDate>Tue, 19 Mar 2019 00:00:00 +0000</pubDate>
      <author>mislav.sagovac@contentio.biz (Mislav Sagovac)</author>
      <guid>http://croecon.contentio.biz/post/izravna-strana-ulaganja-pozitivni-efekti-koji-mogu-biti-i-ve-i/</guid>
      <description>Izravna strana ulaganja (FDI) prije 10-ak godina bila su iznimno važna ekonomska tema. Razlog tome zasigurno je bio u intenzitetu globalizacije i internacionalizacije poslovanja koji su tada bili ključni ekonomski trendovi. Suvremena ekonomska teorija predviđa pozitivan efekt izravnih stranih ulaganja (FDI) na niz ekonomskih pokazatelja i razvoj općenito. Izravna strana ulaganja očekivano bi trebala donositi korist domaćim i stranim tvrtkama ali i cjelokupnom gospodarstvu. Teorija predviđa snažnije efekte u zemljama ispod tehnološke granice kao i zemljama u procesu smanjenja razvojnog jaza.</description>
    </item>
    
    <item>
      <title>Znanstveni lab u CroEcon aplikaciji - brza i jednostavna ekonometrijska analiza</title>
      <link>http://croecon.contentio.biz/post/znanstveni-lab-u-croecon-apliakciji-najbr-i-i-najlak-i-ekonometrijski-testovi/</link>
      <pubDate>Tue, 12 Mar 2019 00:00:00 +0000</pubDate>
      <author>mislav.sagovac@contentio.biz (Mislav Sagovac)</author>
      <guid>http://croecon.contentio.biz/post/znanstveni-lab-u-croecon-apliakciji-najbr-i-i-najlak-i-ekonometrijski-testovi/</guid>
      <description>Ako Vas netko upita: što objašnjava rast/pad varijable y nefinancijskih poduzeća u Republici Hrvatskoj, pri čemu y može biti izvoz, uvoz, prihodi, dobit i td, što biste odgovorili? Vjerojatno bi se pokušavali sjetiti nekog nedavnog istraživanja koje ste čitali, a koje se bavi izučavanjem varijable y ili bi pokušali odgovoriti intuitivno, prvoloptaški (npr. visoki nameti). Čak i kada biste imali kratko vrijeme na raspolaganju teško bi uspjeli brzo prikupiti podatke, i napraviti jednostavan model (graf, ekonometrijski model), koji bi Vam pomogao u odgovoru na pitanje.</description>
    </item>
    
    <item>
      <title>Pogled na hrvatsku tehnološku granicu</title>
      <link>http://croecon.contentio.biz/post/pogled-na-hrvatsku-tehnolo-ku-granicu/</link>
      <pubDate>Wed, 06 Mar 2019 00:00:00 +0000</pubDate>
      <author>mislav.sagovac@contentio.biz (Mislav Sagovac)</author>
      <guid>http://croecon.contentio.biz/post/pogled-na-hrvatsku-tehnolo-ku-granicu/</guid>
      <description>Tehnologiju nije jednostavno definirati, a još ju je teže kvantificirati. Ekonomisti najčešće koriste produktivnost faktora proizvodnje ( TFP ) kao proxy za tehnologiju. TFP kao mjera tehnologije krije niz konceptualnih i praktičnih poteškoća, ali je i nadalje dobro rješenje za analizu tehnološkoga napretka.Zbog toga sam odlučio procijeniti proizvodnu funkciju domaćih tvrtki i na temelju toga promotriti tehnološke trendove u gospodarstvu.Procjena TFP-a svojevrsni je analitički poduhvat i uglavnom se odnosi na pravilnu specifikaciju proizvodne funkcije.</description>
    </item>
    
    <item>
      <title>Visoka koncetriranost dobiti, DNV-a i investicija u RH</title>
      <link>http://croecon.contentio.biz/post/visoka-koncetriranost-dobiti-dnv-a-i-investicija-u-rh/</link>
      <pubDate>Fri, 01 Mar 2019 00:00:00 +0000</pubDate>
      <author>mislav.sagovac@contentio.biz (Mislav Sagovac)</author>
      <guid>http://croecon.contentio.biz/post/visoka-koncetriranost-dobiti-dnv-a-i-investicija-u-rh/</guid>
      <description>Ekonomske fenomene često karakterizira visoka razina koncetracije Primjerice, u jednom od prošlih postova je prikazan stupanj koncentracije izvozne aktivnosti. Pokazano je da u razdoblju 2002-2017, 10 najvećih izvoznika čini čak 18% ukupnog izvoza, a 30 najvećih izvoznika čini 30% ukupnog hrvatskog izvoza. U ovom kratkom postu ću analizirati stupanj koncentracije nefinancijskih poduzeća za druge ekonomske varijable. Stupanj koncetracije pokazuje koliko je kretanje makroekonomskih varijabli pod utjecajem velikih poduzeća. Analiza koncentriranosti nalazi se u CroEcon aplikaciji u modulu “Poslovni subjekti”, pa čitatelj može samostalno analizirati stupanj koncetracije za razne varijable poput uvoza, izvoza, prihoda i dr.</description>
    </item>
    
    <item>
      <title>QuantEcon projekt ili kako napraviti *cutting edge* kolegij</title>
      <link>http://croecon.contentio.biz/post/quantecon-projekt-ili-kako-napraviti-cutting-edge-kolegij/</link>
      <pubDate>Wed, 20 Feb 2019 00:00:00 +0000</pubDate>
      <author>mislav.sagovac@contentio.biz (Mislav Sagovac)</author>
      <guid>http://croecon.contentio.biz/post/quantecon-projekt-ili-kako-napraviti-cutting-edge-kolegij/</guid>
      <description>U ovom postu želim podijeliti svoje oduševljenje sa online platformom za podučavanje kvantitativne makroekonomiju te prikazati kako se pripadajući programski kodovi (modeli), pisani u Pythonu, mogu implementirati u programskom jeziku R. Riječ je o stranici Quantitative macroeconomics, čiji su autori T. Sargent i J. Stachurski. Stranica me nije oduševila zbog vrste kolegija na koji se odnosi (kvantitativna makroekonomija), već zbog upotrebe modernih alata u podučavanju tehnički zahtjevnog i kompleksnog područja.</description>
    </item>
    
    <item>
      <title>Kojem klubu pripada Hrvatska?</title>
      <link>http://croecon.contentio.biz/post/kojem-klubu-pripada-hrvatska/</link>
      <pubDate>Tue, 19 Feb 2019 00:00:00 +0000</pubDate>
      <author>mislav.sagovac@contentio.biz (Mislav Sagovac)</author>
      <guid>http://croecon.contentio.biz/post/kojem-klubu-pripada-hrvatska/</guid>
      <description>Imajući na umu manjak interesa za analizu konvergencije dohotka u Hrvatskoj, analizirao sam nekoliko jednostavnih grafikona koji opisuju proces smanjenja dohodovnih razlika Hrvatske i nekoliko (potencijalnih) konvergencijskih klubova. Također, nastojao sam utvrditi na koji se način ti rezultati uklapaju u literaturu o konvergenciji (post)tranzicijskih EU zemalja. Tema je dodatno aktualna u kontekstu očekivanog usporavanja domaće ekonomije jer ukazuje na mogući razvoj ekonomske krize. Rezultati analize ukazuju na to da u razdobljima ekonomskog rasta Hrvatska prati dinamiku rasta novih zemalja članica EU(NMS) dok obrazac kretanja dohotka u periodu krize ima više sličnosti s južnim EU zemljama (SEU).</description>
    </item>
    
    <item>
      <title>Doprinosi djelatnosti BDP-u u RH i po županijama</title>
      <link>http://croecon.contentio.biz/post/doprinosi-djelatnosti-bdp-u-u-rh-i-po-upanijama/</link>
      <pubDate>Fri, 15 Feb 2019 00:00:00 +0000</pubDate>
      <author>mislav.sagovac@contentio.biz (Mislav Sagovac)</author>
      <guid>http://croecon.contentio.biz/post/doprinosi-djelatnosti-bdp-u-u-rh-i-po-upanijama/</guid>
      <description>U javnosti se često iznosi teza o propasti hrvatske proizvodnje, pretjeranoj važnosti turizma za Hrvatsku ekonomiju, slomu građevinskog sektora nakon krize i druge tvrdnje koje ističu ekspanziju ili kontrakciju pojedinog sektora hrvatskog gospodarstva. U ovom postu ću prezentirati novi modul u CroEcon aplikaciji koja omogućuje brzu analizu ovih tvrdnji. Fokusirat ću se na razdoblje 2002-2018 , jer za to razdoblje postoje službeni podaci. Naziv novog modula je: Statistika poslovnih subjekata.</description>
    </item>
    
    <item>
      <title>Simulakrum u sektoru programiranja</title>
      <link>http://croecon.contentio.biz/post/simulakrum-u-sektoru-programiranja/</link>
      <pubDate>Mon, 11 Feb 2019 00:00:00 +0000</pubDate>
      <author>mislav.sagovac@contentio.biz (Mislav Sagovac)</author>
      <guid>http://croecon.contentio.biz/post/simulakrum-u-sektoru-programiranja/</guid>
      <description>Zadnjih nekoliko godina (nova) digitalna ekonomija u središtu je policy i istraživačke pozornosti. Robotika, automatizacija proizvodnih procesa, obrada podataka (big data, AI), nove mrežne platforme i sl. među glavnim su temama akdemskih analiza, formalnih i neformalnih rasprava u policy institucijama, policy dokumenata, konferencija središnjih banaka te poslovnih krugova. Intenzitet digitalne transformacije ali i relevantnost teme vidljiva je u mnogim nedavno (osobito nakon 2012. godine) objavljenim znanstvenim radovima, policy analizama te praktičnim policy implementacijama.</description>
    </item>
    
    <item>
      <title>Hrvatska nakon sljedeće recesije</title>
      <link>http://croecon.contentio.biz/post/hrvatska-nakon-sljede-e-recesije/</link>
      <pubDate>Mon, 04 Feb 2019 00:00:00 +0000</pubDate>
      <author>mislav.sagovac@contentio.biz (Mislav Sagovac)</author>
      <guid>http://croecon.contentio.biz/post/hrvatska-nakon-sljede-e-recesije/</guid>
      <description>U posljednje vrijeme ekonomisti u međusobno neovisnim postovima i izjavama sve češće predviđaju novu recesiju. Hamilton i Chin analiziraju krivulju prinosa i Economic Policy Uncertainty Index (EPUI), te zaključuju da je recesija izgledna u 2019. Brad De Long također smatra da je recesija izvjesna, a moguće uzroke vidi u bijegu u sigurnu imovinu zbog nestabilnosti na tržištima kapitala. Larry Summers tvrdi da je recesija do 2020.</description>
    </item>
    
    <item>
      <title>Dinamika i struktura zaposlenosti (RH, županije, gradovi)</title>
      <link>http://croecon.contentio.biz/post/dinamika-i-struktura-zaposlenosti-u-rh-i-po-upanijama/</link>
      <pubDate>Wed, 16 Jan 2019 00:00:00 +0000</pubDate>
      <author>mislav.sagovac@contentio.biz (Mislav Sagovac)</author>
      <guid>http://croecon.contentio.biz/post/dinamika-i-struktura-zaposlenosti-u-rh-i-po-upanijama/</guid>
      <description>U jednom od prijašnjih postova analizirao sam dinamiku zaposlenosti u RH. Rezultati analize su bili prezentirani na CroEcon aplikaciji. S obzirom da su podaci o zaposlenima javno dostupni na stranicama HZMO-a, odlučio sam prikupiti podatke o zaposlenima na mjesečnoj razini za razdoblje 2014-2018 na razini županija i gradova/općina. Na stranicama HZMO-a nisu dostupni podaci za ranije razdoblje. Podaci omogućuju i raščlanjivanje podataka s obzirom na tip osiguranja (postoji 7 tipova osiguranja) i spol.</description>
    </item>
    
    <item>
      <title>Najveće plaće u RH po djelatnostima</title>
      <link>http://croecon.contentio.biz/post/najve-e-pla-e-u-rh/</link>
      <pubDate>Mon, 07 Jan 2019 00:00:00 +0000</pubDate>
      <author>mislav.sagovac@contentio.biz (Mislav Sagovac)</author>
      <guid>http://croecon.contentio.biz/post/najve-e-pla-e-u-rh/</guid>
      <description>U ovom osvrtu ćemo pogledati koje djelatnosti i sektori u Hrvatskoj isplaćuju najveće plaće. Tradicionalno djelatnosti Informacija i komunikacija (J), Opskrbe energijom(D), Rudarstva i vađenja (B), Financije (K) i Javna uprava (O) isplaćuju najviše prosječne place. Teško je izdvojiti “najbolju” djelatnost jer se plaće kreću ciklički i ovise o nizu različitih faktora, kako globalnim i europskim kretanjima u gospodarstvu i tehnologiji,tako i o domaćem tržištu rada, migracijskim trendovima i političkim prilikama.</description>
    </item>
    
    <item>
      <title>R&amp;D hrvatskih poduzeća</title>
      <link>http://croecon.contentio.biz/post/r-d-hrvatskih-poduze-a/</link>
      <pubDate>Thu, 03 Jan 2019 00:00:00 +0000</pubDate>
      <author>mislav.sagovac@contentio.biz (Mislav Sagovac)</author>
      <guid>http://croecon.contentio.biz/post/r-d-hrvatskih-poduze-a/</guid>
      <description>Izdatci za istraživanje i razvoj (RnD) nisu posebno bitna tema u Hrvatskoj. Pokazatelj toga je izrazito malen broj novinarskih članaka, rasprava ali i znanstvenih radova koji se bave tom temom. Sa druge strane, ekonomska teorija jasno pokazuje kako ulaganje u RnD ima ključnu ulogu u formiranju vlastitih tehnoloških ali i apsorpcijskih (bitnih za uspješno usvajanje tehnologije iz inozemstva) kapaciteta zemlje pa je tako opravdano pretpostaviti da je ulaganje u RnD od velike važnosti za smanjenje tehnološkog i razvojnog jaza u Hrvatskoj.</description>
    </item>
    
    <item>
      <title>Koncentriranost izvoza i uvoza u RH</title>
      <link>http://croecon.contentio.biz/post/izvoz-i-uvoz-su-visokokoncentrirane-aktivnosti/</link>
      <pubDate>Thu, 06 Dec 2018 00:00:00 +0000</pubDate>
      <author>mislav.sagovac@contentio.biz (Mislav Sagovac)</author>
      <guid>http://croecon.contentio.biz/post/izvoz-i-uvoz-su-visokokoncentrirane-aktivnosti/</guid>
      <description>## Warning in .local(conn, statement, ...): Decimal MySQL column 28 imported## as numericFokus literature iz područja međunarodne razmjene u posljednjih 20-ak godina prešao je s analize makroekonomskih agregatnih tokova roba i usluga na analizu obilježja međunarodne razmjene nefinancijskih poduzeća. Mikroekonomska analiza međunarodne trgovine naglašava važnost stupnja participacije poduzeća u međunarodnoj razmjeni,a rezultati nedvojbeno pokazuju da postoji vrlo mali broj uvoznih i izvoznih firmi među proizvodnim poduzećima, kako u razvijenim, tako i u nerazvijenim zemljama.</description>
    </item>
    
    <item>
      <title>Digitalna ekonomija  u Hrvatskoj</title>
      <link>http://croecon.contentio.biz/post/digitalna-ekonomija-u-hrvatskoj/</link>
      <pubDate>Mon, 03 Dec 2018 00:00:00 +0000</pubDate>
      <author>mislav.sagovac@contentio.biz (Mislav Sagovac)</author>
      <guid>http://croecon.contentio.biz/post/digitalna-ekonomija-u-hrvatskoj/</guid>
      <description>Digitalne tehnologije omogućavaju smanjenje troškova pohrane, obrade i prijenosa podataka i zbog toga imaju snažan transformacijski utjecaj na mikro- i makro- ekonomske trendove i strukturu. Obzirom da strukturu troškova u digitalnoj ekonomiji karakterizira pad čitavog niza standardnih troškova sa kojima se suočavaju tradicionalni sektori, poslovne inicijative za poduzeća iz digitalne ekonomije naglašeno idu u smjeru razvoja tehnologije u širem smislu kao krajnjeg proizvoda. Takva tehnološka intenzivnost bi se očekivano trebala odraziti u povećanju ukupnih tehnoloških kapaciteta i produktivnosti gospodarstva.</description>
    </item>
    
    <item>
      <title>Zašto pad cijene Bitcoina nije iznenađenje?</title>
      <link>http://croecon.contentio.biz/post/za-to-pad-cijene-bitcoina-nije-iznena-enje/</link>
      <pubDate>Tue, 27 Nov 2018 00:00:00 +0000</pubDate>
      <author>mislav.sagovac@contentio.biz (Mislav Sagovac)</author>
      <guid>http://croecon.contentio.biz/post/za-to-pad-cijene-bitcoina-nije-iznena-enje/</guid>
      <description>Bitcoin je u posljednjih nekoliko tjedana izgubio veliki dio vrijednosti. Cijena je pala s otprilike 6.500\$ na 3.700\$, što je pad od otprilike 40%. Međutim ovakva kretanja su samo dio duljeg trenda pada cijene Bitcoina (u prosincu 2017 cijena je dosegla 19.500$). U ovom postu objašnjavam zašto se ovakav pad mogao predvidjeti i zašto možemo očekivati daljnji pad cijene Bitcoina. Post je orijentiran na ekonomski aspekt analize, odnosno na pregled kritike Bitcoina kao kriptovalute iznesenih od strane brojnih poznatih ekonomista.</description>
    </item>
    
    <item>
      <title>3 mjere za prevladavanje problema blokiranih građana</title>
      <link>http://croecon.contentio.biz/post/3-mjere-za-prevladavanje-problema-blokiranih-gra-ana/</link>
      <pubDate>Mon, 26 Mar 2018 00:00:00 +0000</pubDate>
      <author>mislav.sagovac@contentio.biz (Mislav Sagovac)</author>
      <guid>http://croecon.contentio.biz/post/3-mjere-za-prevladavanje-problema-blokiranih-gra-ana/</guid>
      <description>Vlada trenutno priprema novi ovršni Zakon i skup mjera koji bi trebao pomoći građanima s blokiranim računima. Gotovo svi, od političkih stranaka, do raznih udruga, daju svoje prijedloge za prevladavanje problema blokiranih. Jedni tvrde da ne treba pokretati ovrhe kod kojih je glavnica manja od 2.700 kn. Drugi smatraju da bi cijeli ovršni postupak trebalo vratiti sudovima. Sudac Kolakušić smatra da bi svaka strana trebala snositi svoj trošak u ovršnom postupku.</description>
    </item>
    
    <item>
      <title>Što objašnjava pad broja nezaposlenih u RH?</title>
      <link>http://croecon.contentio.biz/post/to-objasnjava-pad-broja-nezaposlenih-u-rh/</link>
      <pubDate>Tue, 13 Mar 2018 00:00:00 +0000</pubDate>
      <author>mislav.sagovac@contentio.biz (Mislav Sagovac)</author>
      <guid>http://croecon.contentio.biz/post/to-objasnjava-pad-broja-nezaposlenih-u-rh/</guid>
      <description>Ovaj post se nastavlja na prethodnu analizu tržišta rada u RH, u kojoj je prikazana dinamika broja zaposlenih i struktura zaposlenih u RH, te je posebno analizirana struktura prema kriteriju vrste osiguranja i spola. Također je implementirana mogućnost izbora prostorne jedinice promatranja (županije i gradovi/općine). U ovom postu se ukratko prikazuju podaci o broju nezaposlenih i stopi nezaposlenosti, prikupljeni sa stranica HZZ-a. Podaci su dostupni na CroEcon aplikaciji, kojoj se može pristupiti klikom na poveznicu.</description>
    </item>
    
    <item>
      <title>Strukturirani podaci o zaposlenosti HZMO-a</title>
      <link>http://croecon.contentio.biz/post/strukturirani-podaci-o-zaposlenosti-hzmo-a/</link>
      <pubDate>Sun, 04 Mar 2018 00:00:00 +0000</pubDate>
      <author>mislav.sagovac@contentio.biz (Mislav Sagovac)</author>
      <guid>http://croecon.contentio.biz/post/strukturirani-podaci-o-zaposlenosti-hzmo-a/</guid>
      <description>U prošlom postu je pomoću programskog jezika R i paketa Shiny izrađena interaktivna analiza životnog standarda u RH i članicama EU. U ovom postu će se makro podaci nadopuniti podacima o zaposlenosti jer oni, uz gospodarski rast, najvjernije odražavaju stanje neke ekonomije. Kao i u prošlom postu, cilj nije pružiti detaljnu analizu zaposlenosti, već prezentirati opće trendove i omogućiti ostalim čitateljima korištenje podataka za svoje vlastite analize.
Podaci o zaposlenosti najčešće su vjerodostojniji pokazatelj kretanja na tržištu rada od podataka o nezaposlenosti.</description>
    </item>
    
  </channel>
</rss>