<?xml version="1.0" encoding="utf-8" standalone="yes" ?>
<rss version="2.0" xmlns:atom="http://www.w3.org/2005/Atom">
  <channel>
    <title>Konvergencija on CroEcon</title>
    <link>http://croecon.contentio.biz/tags/konvergencija/</link>
    <description>Recent content in Konvergencija on CroEcon</description>
    <generator>Hugo -- gohugo.io</generator>
    <managingEditor>mislav.sagovac@contentio.biz (Mislav Sagovac)</managingEditor>
    <webMaster>mislav.sagovac@contentio.biz (Mislav Sagovac)</webMaster>
    <lastBuildDate>Mon, 04 Nov 2019 00:00:00 +0000</lastBuildDate>
    
	<atom:link href="http://croecon.contentio.biz/tags/konvergencija/index.xml" rel="self" type="application/rss+xml" />
    
    
    <item>
      <title>Globalizacija je dobra za sve, ali loša za neke</title>
      <link>http://croecon.contentio.biz/post/globalizacija-je-dobra-za-sve-ali-lo-a-za-neke/</link>
      <pubDate>Mon, 04 Nov 2019 00:00:00 +0000</pubDate>
      <author>mislav.sagovac@contentio.biz (Mislav Sagovac)</author>
      <guid>http://croecon.contentio.biz/post/globalizacija-je-dobra-za-sve-ali-lo-a-za-neke/</guid>
      <description>Povodom nadolazećeg blagdana Svih svetih, prekjučer je na Dnevniku HRT-a prikazan prilog o proizvođačima cvijeća. Novinarka je intervjuirala nekoliko vlasnika OPG-a, koji su prezentirali svoj asortiman cvijeća i govorili o dobrim i lošim stranama svog posla. Najveću prepreku sadašnjem, a posebno budućem poslovanju, vide u povećanom uvozu cvijeća. U prilogu je istaknuto da je uvoz cvijeća ove godine porastao za 5%, a najveći rast uvoza odnosi se na uvoz cvijeća iz Nizozemske.</description>
    </item>
    
    <item>
      <title>Pogled na hrvatsku tehnološku granicu</title>
      <link>http://croecon.contentio.biz/post/pogled-na-hrvatsku-tehnolo-ku-granicu/</link>
      <pubDate>Wed, 06 Mar 2019 00:00:00 +0000</pubDate>
      <author>mislav.sagovac@contentio.biz (Mislav Sagovac)</author>
      <guid>http://croecon.contentio.biz/post/pogled-na-hrvatsku-tehnolo-ku-granicu/</guid>
      <description>Tehnologiju nije jednostavno definirati, a još ju je teže kvantificirati. Ekonomisti najčešće koriste produktivnost faktora proizvodnje ( TFP ) kao proxy za tehnologiju. TFP kao mjera tehnologije krije niz konceptualnih i praktičnih poteškoća, ali je i nadalje dobro rješenje za analizu tehnološkoga napretka.Zbog toga sam odlučio procijeniti proizvodnu funkciju domaćih tvrtki i na temelju toga promotriti tehnološke trendove u gospodarstvu.Procjena TFP-a svojevrsni je analitički poduhvat i uglavnom se odnosi na pravilnu specifikaciju proizvodne funkcije.</description>
    </item>
    
    <item>
      <title>Kojem klubu pripada Hrvatska?</title>
      <link>http://croecon.contentio.biz/post/kojem-klubu-pripada-hrvatska/</link>
      <pubDate>Tue, 19 Feb 2019 00:00:00 +0000</pubDate>
      <author>mislav.sagovac@contentio.biz (Mislav Sagovac)</author>
      <guid>http://croecon.contentio.biz/post/kojem-klubu-pripada-hrvatska/</guid>
      <description>Imajući na umu manjak interesa za analizu konvergencije dohotka u Hrvatskoj, analizirao sam nekoliko jednostavnih grafikona koji opisuju proces smanjenja dohodovnih razlika Hrvatske i nekoliko (potencijalnih) konvergencijskih klubova. Također, nastojao sam utvrditi na koji se način ti rezultati uklapaju u literaturu o konvergenciji (post)tranzicijskih EU zemalja. Tema je dodatno aktualna u kontekstu očekivanog usporavanja domaće ekonomije jer ukazuje na mogući razvoj ekonomske krize. Rezultati analize ukazuju na to da u razdobljima ekonomskog rasta Hrvatska prati dinamiku rasta novih zemalja članica EU(NMS) dok obrazac kretanja dohotka u periodu krize ima više sličnosti s južnim EU zemljama (SEU).</description>
    </item>
    
  </channel>
</rss>