<?xml version="1.0" encoding="utf-8" standalone="yes" ?>
<rss version="2.0" xmlns:atom="http://www.w3.org/2005/Atom">
  <channel>
    <title>Firme on CroEcon</title>
    <link>http://croecon.contentio.biz/categories/firme/</link>
    <description>Recent content in Firme on CroEcon</description>
    <generator>Hugo -- gohugo.io</generator>
    <managingEditor>mislav.sagovac@contentio.biz (Mislav Sagovac)</managingEditor>
    <webMaster>mislav.sagovac@contentio.biz (Mislav Sagovac)</webMaster>
    <lastBuildDate>Thu, 02 Apr 2020 00:00:00 +0000</lastBuildDate>
    
	<atom:link href="http://croecon.contentio.biz/categories/firme/index.xml" rel="self" type="application/rss+xml" />
    
    
    <item>
      <title>Ekonomski aspekti COVID-19 na domaću ekonomiju</title>
      <link>http://croecon.contentio.biz/post/ekonomski-aspekti-covid-19-na-doma-u-ekonomiju/</link>
      <pubDate>Thu, 02 Apr 2020 00:00:00 +0000</pubDate>
      <author>mislav.sagovac@contentio.biz (Mislav Sagovac)</author>
      <guid>http://croecon.contentio.biz/post/ekonomski-aspekti-covid-19-na-doma-u-ekonomiju/</guid>
      <description>Od zadnjeg objavljenog posta do danas se svijet u kojem živimo jako promijenio uslijed pandemije SARS-Cov-2 virusa (COVID-19 bolest) koji je zaustavio, ionako oslabljenu globalizaciju i započeo okretanje prema lokalnoj, Polany-evskoj ekonomiji. Usprkos takvom obratu, u javnosti se pojavljuje teza da i u ovakvoj situaciji mehanizam prilagodbe treba prepustiti tržištu, to jest pustiti da pogođene tvrtke propadnu, a prežive one koje će imati dovoljno „zaliha“ za financiranje tekućih gubitaka. Međutim, samim zatvaranjem firmi i uvođenjem karantene prestali su funkcionirati tržišni mehanizmi.</description>
    </item>
    
    <item>
      <title>Zombie tvrtke</title>
      <link>http://croecon.contentio.biz/post/zombie-tvrtke/</link>
      <pubDate>Fri, 20 Sep 2019 00:00:00 +0000</pubDate>
      <author>mislav.sagovac@contentio.biz (Mislav Sagovac)</author>
      <guid>http://croecon.contentio.biz/post/zombie-tvrtke/</guid>
      <description>U prethodnim postovima su u fokusu bile najbolje hrvatske tvrtke, odnosno sektori, a podatci pokazuju da bolji dio poslovnog sektora čine domaće tvrtke u punom ili djelomičnom stranom vlasništvu. Osim domaćih tvrtki u stranom vlasništvu, bolji dio poslovnog sektora uključuje i tvrtke iz IT sektora. Domaćih tvrki u stranom vlasništvu je 2017. godine bilo nešto manje od 12 tisuća dok u IT sektoru posluje oko 5.6 tisuća firmi. Upravo tih 20ak tisuća tvrtki predstavlja najproduktivniji i najprofitabilniji dio hrvatske ekonomije.</description>
    </item>
    
    <item>
      <title>Primjena AutoML modela za predikciju cijena dionica</title>
      <link>http://croecon.contentio.biz/post/primjena-automl-modela-za-predikciju-cijena-dionica/</link>
      <pubDate>Thu, 05 Sep 2019 00:00:00 +0000</pubDate>
      <author>mislav.sagovac@contentio.biz (Mislav Sagovac)</author>
      <guid>http://croecon.contentio.biz/post/primjena-automl-modela-za-predikciju-cijena-dionica/</guid>
      <description>Prije pola godine sam napisao post o primjeni modela dubokog učenja na predikciju cijene dionice tehnike (THNK). U ovom postu ću primijeniti drugi, u posljednje vrijeme vrlo popularni pristup za predikciju općenito: automatsko strojno učenje (dalje AutoML). AutoML podrazumijeva primjenu skupa različitih vrsta modela strojnog učenja te izbor najboljeg modela ovisno o izabranoj loss funkciji. AumoML najčešće ne zahtijeva znanje o programiranju i razvoju modela. Potrebno je samo pripremiti podatke za analizu (učitavanje podatka, bavljenje sa nedostajućim vrijednostima i slično), te promijeniti AutoML funkciju na čistu matricu podatka.</description>
    </item>
    
    <item>
      <title>Interaktivni pregled podataka HNB o izravnim inozemim ulaganljima</title>
      <link>http://croecon.contentio.biz/post/interaktivni-pregled-podataka-hnb-o-izravnim-inozemim-ulaganljima/</link>
      <pubDate>Wed, 24 Apr 2019 00:00:00 +0000</pubDate>
      <author>mislav.sagovac@contentio.biz (Mislav Sagovac)</author>
      <guid>http://croecon.contentio.biz/post/interaktivni-pregled-podataka-hnb-o-izravnim-inozemim-ulaganljima/</guid>
      <description>Prije nekoliko tjedana sam analizirao prilike u domaćim tvrtkama koje su u vlasništvu stranih rezidenata. Pregled je pokazao da strani sektor posluje na višoj razini produktivnosti i profitabilnosti od domaćeg te da su strane tvrtke otpornije na ekonomske šokove od domaćih, a osim stabilizacije poslovnog ciklusa, strane tvrtke doprinose i dugoročnom rastu, primjerice kroz povećanje opće tehnološke granice. Ta je analiza napravljena na osnovi podataka o poslovanju tvrtki i kao takva govori o efektima izravnih inozemnih ulaganja.</description>
    </item>
    
    <item>
      <title>Izravna strana ulaganja:pozitivni efekti koji mogu biti i veći!</title>
      <link>http://croecon.contentio.biz/post/izravna-strana-ulaganja-pozitivni-efekti-koji-mogu-biti-i-ve-i/</link>
      <pubDate>Tue, 19 Mar 2019 00:00:00 +0000</pubDate>
      <author>mislav.sagovac@contentio.biz (Mislav Sagovac)</author>
      <guid>http://croecon.contentio.biz/post/izravna-strana-ulaganja-pozitivni-efekti-koji-mogu-biti-i-ve-i/</guid>
      <description>Izravna strana ulaganja (FDI) prije 10-ak godina bila su iznimno važna ekonomska tema. Razlog tome zasigurno je bio u intenzitetu globalizacije i internacionalizacije poslovanja koji su tada bili ključni ekonomski trendovi. Suvremena ekonomska teorija predviđa pozitivan efekt izravnih stranih ulaganja (FDI) na niz ekonomskih pokazatelja i razvoj općenito. Izravna strana ulaganja očekivano bi trebala donositi korist domaćim i stranim tvrtkama ali i cjelokupnom gospodarstvu. Teorija predviđa snažnije efekte u zemljama ispod tehnološke granice kao i zemljama u procesu smanjenja razvojnog jaza.</description>
    </item>
    
    <item>
      <title>Znanstveni lab u CroEcon aplikaciji - brza i jednostavna ekonometrijska analiza</title>
      <link>http://croecon.contentio.biz/post/znanstveni-lab-u-croecon-apliakciji-najbr-i-i-najlak-i-ekonometrijski-testovi/</link>
      <pubDate>Tue, 12 Mar 2019 00:00:00 +0000</pubDate>
      <author>mislav.sagovac@contentio.biz (Mislav Sagovac)</author>
      <guid>http://croecon.contentio.biz/post/znanstveni-lab-u-croecon-apliakciji-najbr-i-i-najlak-i-ekonometrijski-testovi/</guid>
      <description>Ako Vas netko upita: što objašnjava rast/pad varijable y nefinancijskih poduzeća u Republici Hrvatskoj, pri čemu y može biti izvoz, uvoz, prihodi, dobit i td, što biste odgovorili? Vjerojatno bi se pokušavali sjetiti nekog nedavnog istraživanja koje ste čitali, a koje se bavi izučavanjem varijable y ili bi pokušali odgovoriti intuitivno, prvoloptaški (npr. visoki nameti). Čak i kada biste imali kratko vrijeme na raspolaganju teško bi uspjeli brzo prikupiti podatke, i napraviti jednostavan model (graf, ekonometrijski model), koji bi Vam pomogao u odgovoru na pitanje.</description>
    </item>
    
    <item>
      <title>Pogled na hrvatsku tehnološku granicu</title>
      <link>http://croecon.contentio.biz/post/pogled-na-hrvatsku-tehnolo-ku-granicu/</link>
      <pubDate>Wed, 06 Mar 2019 00:00:00 +0000</pubDate>
      <author>mislav.sagovac@contentio.biz (Mislav Sagovac)</author>
      <guid>http://croecon.contentio.biz/post/pogled-na-hrvatsku-tehnolo-ku-granicu/</guid>
      <description>Tehnologiju nije jednostavno definirati, a još ju je teže kvantificirati. Ekonomisti najčešće koriste produktivnost faktora proizvodnje ( TFP ) kao proxy za tehnologiju. TFP kao mjera tehnologije krije niz konceptualnih i praktičnih poteškoća, ali je i nadalje dobro rješenje za analizu tehnološkoga napretka.Zbog toga sam odlučio procijeniti proizvodnu funkciju domaćih tvrtki i na temelju toga promotriti tehnološke trendove u gospodarstvu.Procjena TFP-a svojevrsni je analitički poduhvat i uglavnom se odnosi na pravilnu specifikaciju proizvodne funkcije.</description>
    </item>
    
    <item>
      <title>Visoka koncetriranost dobiti, DNV-a i investicija u RH</title>
      <link>http://croecon.contentio.biz/post/visoka-koncetriranost-dobiti-dnv-a-i-investicija-u-rh/</link>
      <pubDate>Fri, 01 Mar 2019 00:00:00 +0000</pubDate>
      <author>mislav.sagovac@contentio.biz (Mislav Sagovac)</author>
      <guid>http://croecon.contentio.biz/post/visoka-koncetriranost-dobiti-dnv-a-i-investicija-u-rh/</guid>
      <description>Ekonomske fenomene često karakterizira visoka razina koncetracije Primjerice, u jednom od prošlih postova je prikazan stupanj koncentracije izvozne aktivnosti. Pokazano je da u razdoblju 2002-2017, 10 najvećih izvoznika čini čak 18% ukupnog izvoza, a 30 najvećih izvoznika čini 30% ukupnog hrvatskog izvoza. U ovom kratkom postu ću analizirati stupanj koncentracije nefinancijskih poduzeća za druge ekonomske varijable. Stupanj koncetracije pokazuje koliko je kretanje makroekonomskih varijabli pod utjecajem velikih poduzeća. Analiza koncentriranosti nalazi se u CroEcon aplikaciji u modulu “Poslovni subjekti”, pa čitatelj može samostalno analizirati stupanj koncetracije za razne varijable poput uvoza, izvoza, prihoda i dr.</description>
    </item>
    
    <item>
      <title>Simulakrum u sektoru programiranja</title>
      <link>http://croecon.contentio.biz/post/simulakrum-u-sektoru-programiranja/</link>
      <pubDate>Mon, 11 Feb 2019 00:00:00 +0000</pubDate>
      <author>mislav.sagovac@contentio.biz (Mislav Sagovac)</author>
      <guid>http://croecon.contentio.biz/post/simulakrum-u-sektoru-programiranja/</guid>
      <description>Zadnjih nekoliko godina (nova) digitalna ekonomija u središtu je policy i istraživačke pozornosti. Robotika, automatizacija proizvodnih procesa, obrada podataka (big data, AI), nove mrežne platforme i sl. među glavnim su temama akdemskih analiza, formalnih i neformalnih rasprava u policy institucijama, policy dokumenata, konferencija središnjih banaka te poslovnih krugova. Intenzitet digitalne transformacije ali i relevantnost teme vidljiva je u mnogim nedavno (osobito nakon 2012. godine) objavljenim znanstvenim radovima, policy analizama te praktičnim policy implementacijama.</description>
    </item>
    
    <item>
      <title>R&amp;D hrvatskih poduzeća</title>
      <link>http://croecon.contentio.biz/post/r-d-hrvatskih-poduze-a/</link>
      <pubDate>Thu, 03 Jan 2019 00:00:00 +0000</pubDate>
      <author>mislav.sagovac@contentio.biz (Mislav Sagovac)</author>
      <guid>http://croecon.contentio.biz/post/r-d-hrvatskih-poduze-a/</guid>
      <description>Izdatci za istraživanje i razvoj (RnD) nisu posebno bitna tema u Hrvatskoj. Pokazatelj toga je izrazito malen broj novinarskih članaka, rasprava ali i znanstvenih radova koji se bave tom temom. Sa druge strane, ekonomska teorija jasno pokazuje kako ulaganje u RnD ima ključnu ulogu u formiranju vlastitih tehnoloških ali i apsorpcijskih (bitnih za uspješno usvajanje tehnologije iz inozemstva) kapaciteta zemlje pa je tako opravdano pretpostaviti da je ulaganje u RnD od velike važnosti za smanjenje tehnološkog i razvojnog jaza u Hrvatskoj.</description>
    </item>
    
    <item>
      <title>Koncentriranost izvoza i uvoza u RH</title>
      <link>http://croecon.contentio.biz/post/izvoz-i-uvoz-su-visokokoncentrirane-aktivnosti/</link>
      <pubDate>Thu, 06 Dec 2018 00:00:00 +0000</pubDate>
      <author>mislav.sagovac@contentio.biz (Mislav Sagovac)</author>
      <guid>http://croecon.contentio.biz/post/izvoz-i-uvoz-su-visokokoncentrirane-aktivnosti/</guid>
      <description>## Warning in .local(conn, statement, ...): Decimal MySQL column 28 imported## as numericFokus literature iz područja međunarodne razmjene u posljednjih 20-ak godina prešao je s analize makroekonomskih agregatnih tokova roba i usluga na analizu obilježja međunarodne razmjene nefinancijskih poduzeća. Mikroekonomska analiza međunarodne trgovine naglašava važnost stupnja participacije poduzeća u međunarodnoj razmjeni,a rezultati nedvojbeno pokazuju da postoji vrlo mali broj uvoznih i izvoznih firmi među proizvodnim poduzećima, kako u razvijenim, tako i u nerazvijenim zemljama.</description>
    </item>
    
    <item>
      <title>Digitalna ekonomija  u Hrvatskoj</title>
      <link>http://croecon.contentio.biz/post/digitalna-ekonomija-u-hrvatskoj/</link>
      <pubDate>Mon, 03 Dec 2018 00:00:00 +0000</pubDate>
      <author>mislav.sagovac@contentio.biz (Mislav Sagovac)</author>
      <guid>http://croecon.contentio.biz/post/digitalna-ekonomija-u-hrvatskoj/</guid>
      <description>Digitalne tehnologije omogućavaju smanjenje troškova pohrane, obrade i prijenosa podataka i zbog toga imaju snažan transformacijski utjecaj na mikro- i makro- ekonomske trendove i strukturu. Obzirom da strukturu troškova u digitalnoj ekonomiji karakterizira pad čitavog niza standardnih troškova sa kojima se suočavaju tradicionalni sektori, poslovne inicijative za poduzeća iz digitalne ekonomije naglašeno idu u smjeru razvoja tehnologije u širem smislu kao krajnjeg proizvoda. Takva tehnološka intenzivnost bi se očekivano trebala odraziti u povećanju ukupnih tehnoloških kapaciteta i produktivnosti gospodarstva.</description>
    </item>
    
    <item>
      <title>Dodana nova vrijednost hrvatskih poslovnih subjekata - koliko pripada radnicima, a koliko poduzetnicima?</title>
      <link>http://croecon.contentio.biz/post/dodana-nova-vrijednost-hrvatskih-poslovnih-subjekata/</link>
      <pubDate>Wed, 21 Mar 2018 00:00:00 +0000</pubDate>
      <author>mislav.sagovac@contentio.biz (Mislav Sagovac)</author>
      <guid>http://croecon.contentio.biz/post/dodana-nova-vrijednost-hrvatskih-poslovnih-subjekata/</guid>
      <description>Bruto domaći proizvod (BDP) je jedna od tri ključne makroekonomske varijable (uz inflaciju i nezaposlenost) a definira se kao „tržišna vrijednost proizvoda i usluga proizvedenih u određenom vremenskom razdoblju“. Općepoznato je da postoje tri pristupa u mjerenju BDP-a: proizvodni pristup, dohodovni pristup i pristup izdataka (potrošnje). Prema dohodovnoj metodi, BDP je jednak zbroju svih dohodaka u nekom razdoblju: plaća, profita, kamata, renti i ostalih dohodaka. Prema pristupu izdataka, BDP je jednak zbroju finalne upotrebe proizvoda i usluga, odnosno zbroju potrošnje, investicija, državne potrošnje i neto izvoza.</description>
    </item>
    
  </channel>
</rss>